fips,Area_name,Stabr,peopleinpoverty
1001,Autauga ,Alabama,"6,723"
1003,Baldwin ,Alabama,"22,360"
1005,Barbour ,Alabama,"5,909"
1007,Bibb ,Alabama,"4,101"
1009,Blount ,Alabama,"9,324"
1011,Bullock ,Alabama,"2,537"
1013,Butler ,Alabama,"4,124"
1015,Calhoun ,Alabama,"18,988"
1017,Chambers ,Alabama,"6,415"
1019,Cherokee ,Alabama,"4,121"
1021,Chilton ,Alabama,"7,044"
1023,Choctaw ,Alabama,"2,811"
1025,Clarke ,Alabama,"4,281"
1027,Clay ,Alabama,"2,156"
1029,Cleburne ,Alabama,"1,945"
1031,Coffee ,Alabama,"7,734"
1033,Colbert ,Alabama,"7,998"
1035,Conecuh ,Alabama,"2,662"
1037,Coosa ,Alabama,"1,789"
1039,Covington ,Alabama,"6,269"
1041,Crenshaw ,Alabama,"2,289"
1043,Cullman ,Alabama,"10,088"
1045,Dale ,Alabama,"8,727"
1047,Dallas ,Alabama,"9,533"
1049,DeKalb ,Alabama,"12,848"
1051,Elmore ,Alabama,"8,753"
1053,Escambia ,Alabama,"6,980"
1055,Etowah ,Alabama,"18,801"
1057,Fayette ,Alabama,"2,721"
1059,Franklin ,Alabama,"4,989"
1061,Geneva ,Alabama,"4,180"
1063,Greene ,Alabama,"2,553"
1065,Hale ,Alabama,"2,956"
1067,Henry ,Alabama,"2,919"
1069,Houston ,Alabama,"20,207"
1071,Jackson ,Alabama,"7,481"
1073,Jefferson ,Alabama,"104,288"
1075,Lamar ,Alabama,"2,070"
1077,Lauderdale ,Alabama,"14,193"
1079,Lawrence ,Alabama,"5,773"
1081,Lee ,Alabama,"24,731"
1083,Limestone ,Alabama,"11,535"
1085,Lowndes ,Alabama,"2,555"
1087,Macon ,Alabama,"4,817"
1089,Madison ,Alabama,"41,789"
1091,Marengo ,Alabama,"4,601"
1093,Marion ,Alabama,"4,883"
1095,Marshall ,Alabama,"14,989"
1097,Mobile ,Alabama,"71,784"
1099,Monroe ,Alabama,"4,770"
1101,Montgomery ,Alabama,"34,268"
1103,Morgan ,Alabama,"16,146"
1105,Perry ,Alabama,"2,778"
1107,Pickens ,Alabama,"4,380"
1109,Pike ,Alabama,"6,742"
1111,Randolph ,Alabama,"3,906"
1113,Russell ,Alabama,"10,823"
1115,St. Clair ,Alabama,"9,780"
1117,Shelby ,Alabama,"13,428"
1119,Sumter ,Alabama,"4,195"
1121,Talladega ,Alabama,"13,326"
1123,Tallapoosa ,Alabama,"6,341"
1125,Tuscaloosa ,Alabama,"32,226"
1127,Walker ,Alabama,"10,837"
1129,Washington ,Alabama,"2,998"
1131,Wilcox ,Alabama,"3,329"
1133,Winston ,Alabama,"3,882"
2013,Aleutians East Borough,Alaska,492
2016,Aleutians West Census Area,Alaska,414
2020,Anchorage Borough,Alaska,"26,636"
2050,Bethel Census Area,Alaska,"4,249"
2060,Bristol Bay Borough,Alaska,80
2068,Denali Borough,Alaska,132
2070,Dillingham Census Area,Alaska,883
2090,Fairbanks North Star Borough,Alaska,"6,656"
2100,Haines Borough,Alaska,247
2105,Hoonah-Angoon Census Area,Alaska,336
2110,Juneau Borough,Alaska,"1,951"
2122,Kenai Peninsula Borough,Alaska,"5,966"
2130,Ketchikan Gateway Borough,Alaska,"1,283"
2150,Kodiak Island Borough,Alaska,909
2158,Kusilvak Census Area,Alaska,"2,217"
2164,Lake and Peninsula Borough,Alaska,275
2170,Matanuska-Susitna Borough,Alaska,"10,142"
2180,Nome Census Area,Alaska,"2,033"
2185,North Slope Borough,Alaska,"1,109"
2188,Northwest Arctic Borough,Alaska,"1,805"
2195,Petersburg Borough,Alaska,219
2198,Prince of Wales-Hyder Census Area,Alaska,"1,085"
2220,Sitka Borough,Alaska,672
2230,Skagway Municipality,Alaska,47
2240,Southeast Fairbanks Census Area,Alaska,823
2261,Valdez-Cordova Census Area,Alaska,781
2275,Wrangell City and Borough,Alaska,240
2282,Yakutat Borough,Alaska,85
2290,Yukon-Koyukuk Census Area,Alaska,"1,266"
4001,Apache ,Arizona,"23,680"
4003,Cochise ,Arizona,"20,172"
4005,Coconino ,Arizona,"20,817"
4007,Gila ,Arizona,"11,219"
4009,Graham ,Arizona,"7,207"
4011,Greenlee ,Arizona,876
4012,La Paz ,Arizona,"4,593"
4013,Maricopa ,Arizona,"539,670"
4015,Mohave ,Arizona,"33,183"
4017,Navajo ,Arizona,"27,440"
4019,Pima ,Arizona,"142,859"
4021,Pinal ,Arizona,"52,975"
4023,Santa Cruz ,Arizona,"8,688"
4025,Yavapai ,Arizona,"27,845"
4027,Yuma ,Arizona,"41,782"
5001,Alaska ,Arkansas,"2,714"
5003,Ashley ,Arkansas,"3,603"
5005,Baxter ,Arkansas,"5,248"
5007,Benton ,Arkansas,"24,525"
5009,Boone ,Arkansas,"5,572"
5011,Bradley ,Arkansas,"2,426"
5013,Calhoun ,Arkansas,771
5015,Carroll ,Arkansas,"4,118"
5017,Chicot ,Arkansas,"2,900"
5019,Clark ,Arkansas,"3,971"
5021,Clay ,Arkansas,"2,691"
5023,Cleburne ,Arkansas,"3,452"
5025,Cleveland ,Arkansas,"1,080"
5027,Columbia ,Arkansas,"4,509"
5029,Conway ,Arkansas,"3,215"
5031,Craighead ,Arkansas,"17,960"
5033,Crawford ,Arkansas,"11,436"
5035,Crittenden ,Arkansas,"10,520"
5037,Cross ,Arkansas,"2,874"
5039,Dallas ,Arkansas,"1,241"
5041,Desha ,Arkansas,"2,859"
5043,Drew ,Arkansas,"3,191"
5045,Faulkner ,Arkansas,"17,459"
5047,Franklin ,Arkansas,"2,830"
5049,Fulton ,Arkansas,"2,169"
5051,Garland ,Arkansas,"16,532"
5053,Grant ,Arkansas,"2,189"
5055,Greene ,Arkansas,"6,925"
5057,Hempstead ,Arkansas,"3,930"
5059,Hot Spring ,Arkansas,"6,322"
5061,Howard ,Arkansas,"2,176"
5063,Independence ,Arkansas,"5,852"
5065,Izard ,Arkansas,"2,003"
5067,Jackson ,Arkansas,"3,313"
5069,Jefferson ,Arkansas,"14,942"
5071,Johnson ,Arkansas,"4,521"
5073,Lafayette ,Arkansas,"1,655"
5075,Lawrence ,Arkansas,"2,887"
5077,Lee ,Arkansas,"2,515"
5079,Lincoln ,Arkansas,"2,567"
5081,Little River ,Arkansas,"2,157"
5083,Logan ,Arkansas,"3,640"
5085,Lonoke ,Arkansas,"7,760"
5087,Madison ,Arkansas,"2,699"
5089,Marion ,Arkansas,"2,687"
5091,Miller ,Arkansas,"5,909"
5093,Mississippi ,Arkansas,"9,128"
5095,Monroe ,Arkansas,"1,681"
5097,Montgomery ,Arkansas,"1,756"
5099,Nevada ,Arkansas,"1,951"
5101,Newton ,Arkansas,"1,386"
5103,Ouachita ,Arkansas,"3,969"
5105,Perry ,Arkansas,"1,710"
5107,Phillips ,Arkansas,"5,841"
5109,Pike ,Arkansas,"1,769"
5111,Poinsett ,Arkansas,"5,339"
5113,Polk ,Arkansas,"3,991"
5115,Pope ,Arkansas,"10,218"
5117,Prairie ,Arkansas,"1,190"
5119,Pulaski ,Arkansas,"56,020"
5121,Randolph ,Arkansas,"3,036"
5123,St. Francis ,Arkansas,"6,679"
5125,Saline ,Arkansas,"11,665"
5127,Scott ,Arkansas,"1,983"
5129,Searcy ,Arkansas,"1,740"
5131,Sebastian ,Arkansas,"19,923"
5133,Sevier ,Arkansas,"2,962"
5135,Sharp ,Arkansas,"4,007"
5137,Stone ,Arkansas,"2,378"
5139,Union ,Arkansas,"7,216"
5141,Van Buren ,Arkansas,"3,235"
5143,Washington ,Arkansas,"34,731"
5145,White ,Arkansas,"11,613"
5147,Woodruff ,Arkansas,"1,678"
5149,Yell ,Arkansas,"3,265"
6001,Alameda ,California,"146,315"
6003,Alpine ,California,193
6005,Amador ,California,"3,462"
6007,Butte ,California,"34,503"
6009,Calaveras ,California,"5,477"
6011,Colusa ,California,"2,554"
6013,Contra Costa ,California,"90,482"
6015,Del Norte ,California,"4,445"
6017,El Dorado ,California,"16,649"
6019,Fresno ,California,"200,873"
6021,Glenn ,California,"3,397"
6023,Humboldt ,California,"25,136"
6025,Imperial ,California,"38,020"
6027,Inyo ,California,"2,071"
6029,Kern ,California,"164,817"
6031,Kings ,California,"21,840"
6033,Lake ,California,"11,622"
6035,Lassen ,California,"3,789"
6037,Los Angeles ,California,"1,319,242"
6039,Madera ,California,"26,309"
6041,Marin ,California,"17,357"
6043,Mariposa ,California,"2,565"
6045,Mendocino ,California,"11,980"
6047,Merced ,California,"46,011"
6049,Modoc ,California,"1,757"
6051,Mono ,California,"1,437"
6053,Monterey ,California,"52,484"
6055,Napa ,California,"9,897"
6057,Nevada ,California,"9,268"
6059,Orange ,California,"297,658"
6061,Placer ,California,"26,170"
6063,Plumas ,California,"2,432"
6065,Riverside ,California,"274,953"
6067,Sacramento ,California,"192,993"
6069,San Benito ,California,"6,518"
6071,San Bernardino ,California,"284,359"
6073,San Diego ,California,"335,034"
6075,San Francisco ,California,"82,616"
6077,San Joaquin ,California,"101,772"
6079,San Luis Obispo ,California,"31,180"
6081,San Mateo ,California,"46,328"
6083,Santa Barbara ,California,"51,298"
6085,Santa Clara ,California,"116,401"
6087,Santa Cruz ,California,"27,531"
6089,Shasta ,California,"23,508"
6091,Sierra ,California,375
6093,Siskiyou ,California,"7,484"
6095,Solano ,California,"39,018"
6097,Sonoma ,California,"34,758"
6099,Stanislaus ,California,"70,741"
6101,Sutter ,California,"12,310"
6103,Tehama ,California,"10,484"
6105,Trinity ,California,"1,986"
6107,Tulare ,California,"86,940"
6109,Tuolumne ,California,"5,781"
6111,Ventura ,California,"68,482"
6113,Yolo ,California,"35,608"
6115,Yuba ,California,"11,748"
8001,Adams ,Colorado,"47,464"
8003,Alamosa ,Colorado,"3,019"
8005,Arapahoe ,Colorado,"47,072"
8007,Archuleta ,Colorado,"1,502"
8009,Baca ,Colorado,675
8011,Bent ,Colorado,"1,354"
8013,Boulder ,Colorado,"33,965"
8014,Broomfield ,Colorado,"2,865"
8015,Chaffee ,Colorado,"2,070"
8017,Cheyenne ,Colorado,243
8019,Clear Creek ,Colorado,709
8021,Conejos ,Colorado,"1,624"
8023,Costilla ,Colorado,955
8025,Crowley ,Colorado,"1,249"
8027,Custer ,Colorado,577
8029,Delta ,Colorado,"4,602"
8031,Denver ,Colorado,"86,020"
8033,Dolores ,Colorado,262
8035,Douglas ,Colorado,"9,622"
8037,Eagle ,Colorado,"4,365"
8039,Elbert ,Colorado,"1,514"
8041,El Paso ,Colorado,"61,692"
8043,Fremont ,Colorado,"6,361"
8045,Garfield ,Colorado,"5,694"
8047,Gilpin ,Colorado,421
8049,Grand ,Colorado,"1,271"
8051,Gunnison ,Colorado,"1,920"
8053,Hinsdale ,Colorado,72
8055,Huerfano ,Colorado,"1,349"
8057,Jackson ,Colorado,175
8059,Jefferson ,Colorado,"41,258"
8061,Kiowa ,Colorado,188
8063,Kit Carson ,Colorado,927
8065,Lake ,Colorado,913
8067,La Plata ,Colorado,"6,127"
8069,Larimer ,Colorado,"35,894"
8071,Las Animas ,Colorado,"2,407"
8073,Lincoln ,Colorado,793
8075,Logan ,Colorado,"2,389"
8077,Mesa ,Colorado,"16,840"
8079,Mineral ,Colorado,72
8081,Moffat ,Colorado,"1,611"
8083,Montezuma ,Colorado,"3,856"
8085,Montrose ,Colorado,"5,565"
8087,Morgan ,Colorado,"3,386"
8089,Otero ,Colorado,"4,297"
8091,Ouray ,Colorado,342
8093,Park ,Colorado,"1,602"
8095,Phillips ,Colorado,435
8097,Pitkin ,Colorado,"1,099"
8099,Prowers ,Colorado,"2,159"
8101,Pueblo ,Colorado,"29,187"
8103,Rio Blanco ,Colorado,624
8105,Rio Grande ,Colorado,"1,591"
8107,Routt ,Colorado,"1,820"
8109,Saguache ,Colorado,"1,726"
8111,San Juan ,Colorado,99
8113,San Miguel ,Colorado,804
8115,Sedgwick ,Colorado,323
8117,Summit ,Colorado,"1,963"
8119,Teller ,Colorado,"1,990"
8121,Washington ,Colorado,556
8123,Weld ,Colorado,"26,547"
8125,Yuma ,Colorado,"1,255"
9001,Fairfield ,Connecticut,"83,047"
9003,Hartford ,Connecticut,"93,694"
9005,Litchfield ,Connecticut,"12,741"
9007,Middlesex ,Connecticut,"11,024"
9009,New Haven ,Connecticut,"99,423"
9011,New London ,Connecticut,"19,739"
9013,Tolland ,Connecticut,"10,559"
9015,Windham ,Connecticut,"12,874"
10001,Kent ,Delaware,"22,195"
10003,New Castle ,Delaware,"56,289"
10005,Sussex ,Delaware,"27,742"
11001,District of Columbia,District of Columbia,"94,985"
12001,Alachua ,Florida,"46,916"
12003,Baker ,Florida,"3,914"
12005,Bay ,Florida,"20,643"
12007,Bradford ,Florida,"5,011"
12009,Brevard ,Florida,"55,578"
12011,Broward ,Florida,"237,486"
12013,Calhoun ,Florida,"2,508"
12015,Charlotte ,Florida,"21,188"
12017,Citrus ,Florida,"22,291"
12019,Clay ,Florida,"18,095"
12021,Collier ,Florida,"35,928"
12023,Columbia ,Florida,"10,338"
12027,DeSoto ,Florida,"7,626"
12029,Dixie ,Florida,"3,338"
12031,Duval ,Florida,"126,963"
12033,Escambia ,Florida,"46,519"
12035,Flagler ,Florida,"11,049"
12037,Franklin ,Florida,"1,995"
12039,Gadsden ,Florida,"8,472"
12041,Gilchrist ,Florida,"2,601"
12043,Glades ,Florida,"2,377"
12045,Gulf ,Florida,"1,848"
12047,Hamilton ,Florida,"3,794"
12049,Hardee ,Florida,"5,614"
12051,Hendry ,Florida,"8,086"
12053,Hernando ,Florida,"23,779"
12055,Highlands ,Florida,"16,519"
12057,Hillsborough ,Florida,"195,684"
12059,Holmes ,Florida,"3,587"
12061,Indian River ,Florida,"18,179"
12063,Jackson ,Florida,"7,769"
12065,Jefferson ,Florida,"2,276"
12067,Lafayette ,Florida,"1,289"
12069,Lake ,Florida,"39,419"
12071,Lee ,Florida,"85,295"
12073,Leon ,Florida,"58,203"
12075,Levy ,Florida,"7,458"
12077,Liberty ,Florida,"1,453"
12079,Madison ,Florida,"3,732"
12081,Manatee ,Florida,"44,991"
12083,Marion ,Florida,"52,950"
12085,Martin ,Florida,"14,000"
12086,Miami-Dade ,Florida,"419,056"
12087,Monroe ,Florida,"7,239"
12089,Nassau ,Florida,"7,951"
12091,Okaloosa ,Florida,"21,866"
12093,Okeechobee ,Florida,"7,189"
12095,Orange ,Florida,"171,599"
12097,Osceola ,Florida,"49,803"
12099,Palm Beach ,Florida,"168,026"
12101,Pasco ,Florida,"61,716"
12103,Pinellas ,Florida,"108,948"
12105,Polk ,Florida,"99,590"
12107,Putnam ,Florida,"16,318"
12109,St. Johns ,Florida,"16,829"
12111,St. Lucie ,Florida,"34,008"
12113,Santa Rosa ,Florida,"17,435"
12115,Sarasota ,Florida,"33,144"
12117,Seminole ,Florida,"43,741"
12119,Sumter ,Florida,"11,078"
12121,Suwannee ,Florida,"7,144"
12123,Taylor ,Florida,"3,792"
12125,Union ,Florida,"2,065"
12127,Volusia ,Florida,"70,554"
12129,Wakulla ,Florida,"3,651"
12131,Walton ,Florida,"7,740"
12133,Washington ,Florida,"4,587"
13001,Appling ,Georiga,"3,737"
13003,Atkinson ,Georiga,"1,887"
13005,Bacon ,Georiga,"2,080"
13007,Baker ,Georiga,749
13009,Baldwin ,Georiga,"8,934"
13011,Banks ,Georiga,"2,454"
13013,Barrow ,Georiga,"8,021"
13015,Bartow ,Georiga,"13,243"
13017,Ben Hill ,Georiga,"3,738"
13019,Berrien ,Georiga,"3,843"
13021,Bibb ,Georiga,"33,912"
13023,Bleckley ,Georiga,"2,112"
13025,Brantley ,Georiga,"3,056"
13027,Brooks ,Georiga,"3,372"
13029,Bryan ,Georiga,"3,073"
13031,Bulloch ,Georiga,"15,945"
13033,Burke ,Georiga,"5,197"
13035,Butts ,Georiga,"3,217"
13037,Calhoun ,Georiga,"1,608"
13039,Camden ,Georiga,"7,219"
13043,Candler ,Georiga,"2,427"
13045,Carroll ,Georiga,"17,148"
13047,Catoosa ,Georiga,"6,704"
13049,Charlton ,Georiga,"2,804"
13051,Chatham ,Georiga,"40,565"
13053,Chattahoochee ,Georiga,"1,547"
13055,Chattooga ,Georiga,"4,085"
13057,Cherokee ,Georiga,"16,725"
13059,Clarke ,Georiga,"30,277"
13061,Clay ,Georiga,797
13063,Clayton ,Georiga,"45,655"
13065,Clinch ,Georiga,"1,435"
13067,Cobb ,Georiga,"62,275"
13069,Coffee ,Georiga,"8,048"
13071,Colquitt ,Georiga,"9,738"
13073,Columbia ,Georiga,"8,747"
13075,Cook ,Georiga,"3,654"
13077,Coweta ,Georiga,"13,318"
13079,Crawford ,Georiga,"1,875"
13081,Crisp ,Georiga,"5,830"
13083,Dade ,Georiga,"2,038"
13085,Dawson ,Georiga,"2,267"
13087,Decatur ,Georiga,"5,915"
13089,DeKalb ,Georiga,"95,805"
13091,Dodge ,Georiga,"3,853"
13093,Dooly ,Georiga,"3,236"
13095,Dougherty ,Georiga,"23,192"
13097,Douglas ,Georiga,"15,842"
13099,Early ,Georiga,"2,733"
13101,Echols ,Georiga,861
13103,Effingham ,Georiga,"5,784"
13105,Elbert ,Georiga,"3,897"
13107,Emanuel ,Georiga,"4,441"
13109,Evans ,Georiga,"2,459"
13111,Fannin ,Georiga,"3,144"
13113,Fayette ,Georiga,"6,105"
13115,Floyd ,Georiga,"15,537"
13117,Forsyth ,Georiga,"11,024"
13119,Franklin ,Georiga,"3,887"
13121,Fulton ,Georiga,"141,979"
13123,Gilmer ,Georiga,"4,543"
13125,Glascock ,Georiga,486
13127,Glynn ,Georiga,"12,943"
13129,Gordon ,Georiga,"7,001"
13131,Grady ,Georiga,"5,276"
13133,Greene ,Georiga,"2,709"
13135,Gwinnett ,Georiga,"85,810"
13137,Habersham ,Georiga,"6,515"
13139,Hall ,Georiga,"27,137"
13141,Hancock ,Georiga,"2,225"
13143,Haralson ,Georiga,"4,223"
13145,Harris ,Georiga,"2,270"
13147,Hart ,Georiga,"3,717"
13149,Heard ,Georiga,"1,958"
13151,Henry ,Georiga,"18,819"
13153,Houston ,Georiga,"17,079"
13155,Irwin ,Georiga,"1,699"
13157,Jackson ,Georiga,"7,418"
13159,Jasper ,Georiga,"1,748"
13161,Jeff Davis ,Georiga,"3,169"
13163,Jefferson ,Georiga,"3,710"
13165,Jenkins ,Georiga,"2,162"
13167,Johnson ,Georiga,"1,931"
13169,Jones ,Georiga,"3,629"
13171,Lamar ,Georiga,"2,641"
13173,Lanier ,Georiga,"1,871"
13175,Laurens ,Georiga,"11,049"
13177,Lee ,Georiga,"2,715"
13179,Liberty ,Georiga,"8,680"
13181,Lincoln ,Georiga,"1,357"
13183,Long ,Georiga,"2,726"
13185,Lowndes ,Georiga,"22,685"
13187,Lumpkin ,Georiga,"4,432"
13189,McDuffie ,Georiga,"3,792"
13191,McIntosh ,Georiga,"2,671"
13193,Macon ,Georiga,"3,249"
13195,Madison ,Georiga,"4,608"
13197,Marion ,Georiga,"1,745"
13199,Meriwether ,Georiga,"4,634"
13201,Miller ,Georiga,"1,193"
13205,Mitchell ,Georiga,"6,048"
13207,Monroe ,Georiga,"2,787"
13209,Montgomery ,Georiga,"1,619"
13211,Morgan ,Georiga,"2,109"
13213,Murray ,Georiga,"5,755"
13215,Muscogee ,Georiga,"34,694"
13217,Newton ,Georiga,"12,348"
13219,Oconee ,Georiga,"2,236"
13221,Oglethorpe ,Georiga,"1,922"
13223,Paulding ,Georiga,"11,461"
13225,Peach ,Georiga,"5,203"
13227,Pickens ,Georiga,"3,327"
13229,Pierce ,Georiga,"3,157"
13231,Pike ,Georiga,"1,615"
13233,Polk ,Georiga,"6,816"
13235,Pulaski ,Georiga,"2,048"
13237,Putnam ,Georiga,"3,316"
13239,Quitman ,Georiga,523
13241,Rabun ,Georiga,"2,181"
13243,Randolph ,Georiga,"1,635"
13245,Richmond ,Georiga,"41,081"
13247,Rockdale ,Georiga,"10,873"
13249,Schley ,Georiga,834
13251,Screven ,Georiga,"3,239"
13253,Seminole ,Georiga,"1,808"
13255,Spalding ,Georiga,"11,537"
13257,Stephens ,Georiga,"3,794"
13259,Stewart ,Georiga,"1,702"
13261,Sumter ,Georiga,"7,420"
13263,Talbot ,Georiga,"1,210"
13265,Taliaferro ,Georiga,345
13267,Tattnall ,Georiga,"5,507"
13269,Taylor ,Georiga,"1,810"
13271,Telfair ,Georiga,"3,516"
13273,Terrell ,Georiga,"2,325"
13275,Thomas ,Georiga,"7,894"
13277,Tift ,Georiga,"8,380"
13279,Toombs ,Georiga,"5,086"
13281,Towns ,Georiga,"1,376"
13283,Treutlen ,Georiga,"2,043"
13285,Troup ,Georiga,"13,009"
13287,Turner ,Georiga,"2,132"
13289,Twiggs ,Georiga,"1,522"
13291,Union ,Georiga,"2,800"
13293,Upson ,Georiga,"4,932"
13295,Walker ,Georiga,"10,034"
13297,Walton ,Georiga,"10,070"
13299,Ware ,Georiga,"8,742"
13301,Warren ,Georiga,"1,372"
13303,Washington ,Georiga,"3,940"
13305,Wayne ,Georiga,"5,116"
13307,Webster ,Georiga,477
13309,Wheeler ,Georiga,"1,821"
13311,White ,Georiga,"3,259"
13313,Whitfield ,Georiga,"13,110"
13315,Wilcox ,Georiga,"1,991"
13317,Wilkes ,Georiga,"1,875"
13319,Wilkinson ,Georiga,"1,491"
13321,Worth ,Georiga,"4,061"
15001,Hawaii ,Hawaii,"26,071"
15003,Honolulu ,Hawaii,"74,282"
15007,Kauai ,Hawaii,"6,659"
15009,Maui ,Hawaii,"17,638"
16001,Ada ,Idaho,"44,023"
16003,Adams ,Idaho,539
16005,Bannock ,Idaho,"11,554"
16007,Bear Lake ,Idaho,717
16009,Benewah ,Idaho,"1,415"
16011,Bingham ,Idaho,"5,145"
16013,Blaine ,Idaho,"1,657"
16015,Boise ,Idaho,899
16017,Bonner ,Idaho,"5,689"
16019,Bonneville ,Idaho,"10,953"
16021,Boundary ,Idaho,"1,794"
16023,Butte ,Idaho,376
16025,Camas ,Idaho,99
16027,Canyon ,Idaho,"22,828"
16029,Caribou ,Idaho,718
16031,Cassia ,Idaho,"2,843"
16033,Clark ,Idaho,122
16035,Clearwater ,Idaho,"1,082"
16037,Custer ,Idaho,556
16039,Elmore ,Idaho,"3,758"
16041,Franklin ,Idaho,"1,122"
16043,Fremont ,Idaho,"1,598"
16045,Gem ,Idaho,"2,266"
16047,Gooding ,Idaho,"2,285"
16049,Idaho ,Idaho,"2,227"
16051,Jefferson ,Idaho,"2,723"
16053,Jerome ,Idaho,"3,429"
16055,Kootenai ,Idaho,"16,374"
16057,Latah ,Idaho,"4,353"
16059,Lemhi ,Idaho,"1,070"
16061,Lewis ,Idaho,502
16063,Lincoln ,Idaho,592
16065,Madison ,Idaho,"10,731"
16067,Minidoka ,Idaho,"2,361"
16069,Nez Perce ,Idaho,"4,372"
16071,Oneida ,Idaho,507
16073,Owyhee ,Idaho,"1,736"
16075,Payette ,Idaho,"2,615"
16077,Power ,Idaho,998
16079,Shoshone ,Idaho,"2,426"
16081,Teton ,Idaho,931
16083,Twin Falls ,Idaho,"9,420"
16085,Valley ,Idaho,995
16087,Washington ,Idaho,"1,345"
17001,Adams ,Illinois,"7,786"
17003,Alexander ,Illinois,"1,361"
17005,Bond ,Illinois,"1,920"
17007,Boone ,Illinois,"4,701"
17009,Brown ,Illinois,674
17011,Bureau ,Illinois,"3,594"
17013,Calhoun ,Illinois,452
17015,Carroll ,Illinois,"1,560"
17017,Cass ,Illinois,"1,554"
17019,Champaign ,Illinois,"38,566"
17021,Christian ,Illinois,"3,769"
17023,Clark ,Illinois,"1,636"
17025,Clay ,Illinois,"1,793"
17027,Clinton ,Illinois,"2,645"
17029,Coles ,Illinois,"7,957"
17031,Cook ,Illinois,"659,687"
17033,Crawford ,Illinois,"2,170"
17035,Cumberland ,Illinois,"1,075"
17037,DeKalb ,Illinois,"12,909"
17039,De Witt ,Illinois,"1,683"
17041,Douglas ,Illinois,"1,544"
17043,DuPage ,Illinois,"54,833"
17045,Edgar ,Illinois,"2,220"
17047,Edwards ,Illinois,744
17049,Effingham ,Illinois,"3,087"
17051,Fayette ,Illinois,"2,961"
17053,Ford ,Illinois,"1,256"
17055,Franklin ,Illinois,"6,199"
17057,Fulton ,Illinois,"4,181"
17059,Gallatin ,Illinois,911
17061,Greene ,Illinois,"1,730"
17063,Grundy ,Illinois,"2,827"
17065,Hamilton ,Illinois,"1,017"
17067,Hancock ,Illinois,"2,149"
17069,Hardin ,Illinois,683
17071,Henderson ,Illinois,724
17073,Henry ,Illinois,"4,164"
17075,Iroquois ,Illinois,"3,083"
17077,Jackson ,Illinois,"13,551"
17079,Jasper ,Illinois,942
17081,Jefferson ,Illinois,"5,267"
17083,Jersey ,Illinois,"2,171"
17085,Jo Daviess ,Illinois,"1,965"
17087,Johnson ,Illinois,"1,435"
17089,Kane ,Illinois,"43,305"
17091,Kankakee ,Illinois,"13,271"
17093,Kendall ,Illinois,"5,195"
17095,Knox ,Illinois,"8,490"
17097,Lake ,Illinois,"49,130"
17099,La Salle ,Illinois,"12,837"
17101,Lawrence ,Illinois,"2,442"
17103,Lee ,Illinois,"3,724"
17105,Livingston ,Illinois,"4,319"
17107,Logan ,Illinois,"3,124"
17109,McDonough ,Illinois,"6,134"
17111,McHenry ,Illinois,"16,380"
17113,McLean ,Illinois,"23,034"
17115,Macon ,Illinois,"16,762"
17117,Macoupin ,Illinois,"5,934"
17119,Madison ,Illinois,"28,284"
17121,Marion ,Illinois,"5,456"
17123,Marshall ,Illinois,"1,007"
17125,Mason ,Illinois,"1,592"
17127,Massac ,Illinois,"2,143"
17129,Menard ,Illinois,986
17131,Mercer ,Illinois,"1,233"
17133,Monroe ,Illinois,"1,423"
17135,Montgomery ,Illinois,"4,140"
17137,Morgan ,Illinois,"4,209"
17139,Moultrie ,Illinois,"1,218"
17141,Ogle ,Illinois,"4,684"
17143,Peoria ,Illinois,"25,825"
17145,Perry ,Illinois,"2,650"
17147,Piatt ,Illinois,"1,054"
17149,Pike ,Illinois,"2,164"
17151,Pope ,Illinois,688
17153,Pulaski ,Illinois,"1,171"
17155,Putnam ,Illinois,435
17157,Randolph ,Illinois,"3,499"
17159,Richland ,Illinois,"1,980"
17161,Rock Island ,Illinois,"18,669"
17163,St. Clair ,Illinois,"33,979"
17165,Saline ,Illinois,"3,556"
17167,Sangamon ,Illinois,"23,367"
17169,Schuyler ,Illinois,753
17171,Scott ,Illinois,545
17173,Shelby ,Illinois,"2,000"
17175,Stark ,Illinois,587
17177,Stephenson ,Illinois,"4,997"
17179,Tazewell ,Illinois,"10,576"
17181,Union ,Illinois,"2,835"
17183,Vermilion ,Illinois,"12,253"
17185,Wabash ,Illinois,"1,533"
17187,Warren ,Illinois,"1,805"
17189,Washington ,Illinois,"1,099"
17191,Wayne ,Illinois,"2,116"
17193,White ,Illinois,"1,906"
17195,Whiteside ,Illinois,"6,176"
17197,Will ,Illinois,"44,518"
17199,Williamson ,Illinois,"8,627"
17201,Winnebago ,Illinois,"44,613"
17203,Woodford ,Illinois,"2,269"
18001,Adams ,Indiana,"4,444"
18003,Allen ,Indiana,"39,176"
18005,Bartholomew ,Indiana,"9,205"
18007,Benton ,Indiana,752
18009,Blackford ,Indiana,"1,474"
18011,Boone ,Indiana,"4,619"
18013,Brown ,Indiana,"1,565"
18015,Carroll ,Indiana,"1,739"
18017,Cass ,Indiana,"4,630"
18019,Clark ,Indiana,"11,267"
18021,Clay ,Indiana,"2,920"
18023,Clinton ,Indiana,"3,545"
18025,Crawford ,Indiana,"1,723"
18027,Daviess ,Indiana,"3,686"
18029,Dearborn ,Indiana,"4,546"
18031,Decatur ,Indiana,"2,502"
18033,De Kalb ,Indiana,"4,040"
18035,Delaware ,Indiana,"22,680"
18037,Dubois ,Indiana,"2,465"
18039,Elkhart ,Indiana,"19,316"
18041,Fayette ,Indiana,"3,059"
18043,Floyd ,Indiana,"8,161"
18045,Fountain ,Indiana,"2,000"
18047,Franklin ,Indiana,"2,073"
18049,Fulton ,Indiana,"1,876"
18051,Gibson ,Indiana,"3,050"
18053,Grant ,Indiana,"9,713"
18055,Greene ,Indiana,"4,242"
18057,Hamilton ,Indiana,"14,199"
18059,Hancock ,Indiana,"3,978"
18061,Harrison ,Indiana,"3,276"
18063,Hendricks ,Indiana,"8,123"
18065,Henry ,Indiana,"5,709"
18067,Howard ,Indiana,"9,880"
18069,Huntington ,Indiana,"3,407"
18071,Jackson ,Indiana,"4,391"
18073,Jasper ,Indiana,"2,854"
18075,Jay ,Indiana,"2,510"
18077,Jefferson ,Indiana,"3,476"
18079,Jennings ,Indiana,"3,169"
18081,Johnson ,Indiana,"9,294"
18083,Knox ,Indiana,"4,381"
18085,Kosciusko ,Indiana,"6,996"
18087,Lagrange ,Indiana,"2,943"
18089,Lake ,Indiana,"69,073"
18091,La Porte ,Indiana,"13,771"
18093,Lawrence ,Indiana,"4,670"
18095,Madison ,Indiana,"16,056"
18097,Marion ,Indiana,"143,107"
18099,Marshall ,Indiana,"4,947"
18101,Martin ,Indiana,"1,098"
18103,Miami ,Indiana,"4,162"
18105,Monroe ,Indiana,"27,710"
18107,Montgomery ,Indiana,"4,478"
18109,Morgan ,Indiana,"6,201"
18111,Newton ,Indiana,"1,300"
18113,Noble ,Indiana,"3,662"
18115,Ohio ,Indiana,554
18117,Orange ,Indiana,"2,728"
18119,Owen ,Indiana,"2,447"
18121,Parke ,Indiana,"2,308"
18123,Perry ,Indiana,"2,113"
18125,Pike ,Indiana,"1,140"
18127,Porter ,Indiana,"13,421"
18129,Posey ,Indiana,"2,167"
18131,Pulaski ,Indiana,"1,357"
18133,Putnam ,Indiana,"3,408"
18135,Randolph ,Indiana,"3,222"
18137,Ripley ,Indiana,"2,525"
18139,Rush ,Indiana,"1,785"
18141,St. Joseph ,Indiana,"39,848"
18143,Scott ,Indiana,"3,194"
18145,Shelby ,Indiana,"4,414"
18147,Spencer ,Indiana,"1,728"
18149,Starke ,Indiana,"3,046"
18151,Steuben ,Indiana,"2,846"
18153,Sullivan ,Indiana,"2,643"
18155,Switzerland ,Indiana,"1,529"
18157,Tippecanoe ,Indiana,"28,780"
18159,Tipton ,Indiana,"1,166"
18161,Union ,Indiana,667
18163,Vanderburgh ,Indiana,"25,190"
18165,Vermillion ,Indiana,"1,859"
18167,Vigo ,Indiana,"20,241"
18169,Wabash ,Indiana,"3,163"
18171,Warren ,Indiana,766
18173,Warrick ,Indiana,"3,888"
18175,Washington ,Indiana,"3,325"
18177,Wayne ,Indiana,"9,577"
18179,Wells ,Indiana,"2,041"
18181,White ,Indiana,"2,429"
18183,Whitley ,Indiana,"2,559"
19001,Adair ,Iowa,750
19003,Adams ,Iowa,450
19005,Allamakee ,Iowa,"1,745"
19007,Appanoose ,Iowa,"2,373"
19009,Audubon ,Iowa,587
19011,Benton ,Iowa,"1,964"
19013,Black Hawk ,Iowa,"17,407"
19015,Boone ,Iowa,"2,227"
19017,Bremer ,Iowa,"1,581"
19019,Buchanan ,Iowa,"1,984"
19021,Buena Vista ,Iowa,"1,903"
19023,Butler ,Iowa,"1,492"
19025,Calhoun ,Iowa,"1,032"
19027,Carroll ,Iowa,"1,631"
19029,Cass ,Iowa,"1,798"
19031,Cedar ,Iowa,"1,433"
19033,Cerro Gordo ,Iowa,"3,504"
19035,Cherokee ,Iowa,"1,105"
19037,Chickasaw ,Iowa,"1,012"
19039,Clarke ,Iowa,"1,078"
19041,Clay ,Iowa,"1,627"
19043,Clayton ,Iowa,"1,910"
19045,Clinton ,Iowa,"6,009"
19047,Crawford ,Iowa,"2,074"
19049,Dallas ,Iowa,"3,956"
19051,Davis ,Iowa,"1,021"
19053,Decatur ,Iowa,"1,309"
19055,Delaware ,Iowa,"1,450"
19057,Des Moines ,Iowa,"5,703"
19059,Dickinson ,Iowa,"1,192"
19061,Dubuque ,Iowa,"10,030"
19063,Emmet ,Iowa,999
19065,Fayette ,Iowa,"2,489"
19067,Floyd ,Iowa,"1,802"
19069,Franklin ,Iowa,"1,105"
19071,Fremont ,Iowa,789
19073,Greene ,Iowa,986
19075,Grundy ,Iowa,659
19077,Guthrie ,Iowa,929
19079,Hamilton ,Iowa,"1,320"
19081,Hancock ,Iowa,945
19083,Hardin ,Iowa,"1,689"
19085,Harrison ,Iowa,"1,206"
19087,Henry ,Iowa,"2,142"
19089,Howard ,Iowa,865
19091,Humboldt ,Iowa,"1,010"
19093,Ida ,Iowa,704
19095,Iowa ,Iowa,"1,056"
19097,Jackson ,Iowa,"2,362"
19099,Jasper ,Iowa,"2,968"
19101,Jefferson ,Iowa,"2,386"
19103,Johnson ,Iowa,"22,937"
19105,Jones ,Iowa,"1,844"
19107,Keokuk ,Iowa,"1,150"
19109,Kossuth ,Iowa,"1,506"
19111,Lee ,Iowa,"4,859"
19113,Linn ,Iowa,"24,600"
19115,Louisa ,Iowa,999
19117,Lucas ,Iowa,"1,263"
19119,Lyon ,Iowa,858
19121,Madison ,Iowa,"1,114"
19123,Mahaska ,Iowa,"2,316"
19125,Marion ,Iowa,"2,636"
19127,Marshall ,Iowa,"4,947"
19129,Mills ,Iowa,"1,283"
19131,Mitchell ,Iowa,961
19133,Monona ,Iowa,"1,028"
19135,Monroe ,Iowa,811
19137,Montgomery ,Iowa,"1,279"
19139,Muscatine ,Iowa,"4,249"
19141,O'Brien ,Iowa,"1,365"
19143,Osceola ,Iowa,544
19145,Page ,Iowa,"2,020"
19147,Palo Alto ,Iowa,952
19149,Plymouth ,Iowa,"1,796"
19151,Pocahontas ,Iowa,654
19153,Polk ,Iowa,"48,468"
19155,Pottawattamie ,Iowa,"10,002"
19157,Poweshiek ,Iowa,"1,951"
19159,Ringgold ,Iowa,713
19161,Sac ,Iowa,903
19163,Scott ,Iowa,"20,016"
19165,Shelby ,Iowa,970
19167,Sioux ,Iowa,"2,272"
19169,Story ,Iowa,"13,727"
19171,Tama ,Iowa,"2,168"
19173,Taylor ,Iowa,753
19175,Union ,Iowa,"1,433"
19177,Van Buren ,Iowa,895
19179,Wapello ,Iowa,"4,842"
19181,Warren ,Iowa,"3,621"
19183,Washington ,Iowa,"1,971"
19185,Wayne ,Iowa,"1,211"
19187,Webster ,Iowa,"4,005"
19189,Winnebago ,Iowa,"1,011"
19191,Winneshiek ,Iowa,"1,549"
19193,Woodbury ,Iowa,"12,882"
19195,Worth ,Iowa,711
19197,Wright ,Iowa,"1,364"
20001,Allen ,Kansas,"2,067"
20003,Anderson ,Kansas,982
20005,Atchison ,Kansas,"2,051"
20007,Barber ,Kansas,593
20009,Barton ,Kansas,"3,345"
20011,Bourbon ,Kansas,"2,185"
20013,Brown ,Kansas,"1,454"
20015,Butler ,Kansas,"5,460"
20017,Chase ,Kansas,285
20019,Chautauqua ,Kansas,518
20021,Cherokee ,Kansas,"3,016"
20023,Cheyenne ,Kansas,301
20025,Clark ,Kansas,238
20027,Clay ,Kansas,780
20029,Cloud ,Kansas,"1,123"
20031,Coffey ,Kansas,903
20033,Comanche ,Kansas,187
20035,Cowley ,Kansas,"4,416"
20037,Crawford ,Kansas,"6,828"
20039,Decatur ,Kansas,361
20041,Dickinson ,Kansas,"1,764"
20043,Doniphan ,Kansas,810
20045,Douglas ,Kansas,"17,127"
20047,Edwards ,Kansas,322
20049,Elk ,Kansas,481
20051,Ellis ,Kansas,"3,596"
20053,Ellsworth ,Kansas,490
20055,Finney ,Kansas,"4,647"
20057,Ford ,Kansas,"4,522"
20059,Franklin ,Kansas,"2,594"
20061,Geary ,Kansas,"3,586"
20063,Gove ,Kansas,246
20065,Graham ,Kansas,288
20067,Grant ,Kansas,743
20069,Gray ,Kansas,448
20071,Greeley ,Kansas,131
20073,Greenwood ,Kansas,873
20075,Hamilton ,Kansas,332
20077,Harper ,Kansas,751
20079,Harvey ,Kansas,"3,058"
20081,Haskell ,Kansas,379
20083,Hodgeman ,Kansas,184
20085,Jackson ,Kansas,"1,410"
20087,Jefferson ,Kansas,"1,456"
20089,Jewell ,Kansas,369
20091,Johnson ,Kansas,"31,666"
20093,Kearny ,Kansas,389
20095,Kingman ,Kansas,783
20097,Kiowa ,Kansas,281
20099,Labette ,Kansas,"3,027"
20101,Lane ,Kansas,157
20103,Leavenworth ,Kansas,"6,255"
20105,Lincoln ,Kansas,350
20107,Linn ,Kansas,"1,148"
20109,Logan ,Kansas,274
20111,Lyon ,Kansas,"4,790"
20113,McPherson ,Kansas,"1,991"
20115,Marion ,Kansas,"1,191"
20117,Marshall ,Kansas,896
20119,Meade ,Kansas,380
20121,Miami ,Kansas,"2,294"
20123,Mitchell ,Kansas,630
20125,Montgomery ,Kansas,"4,807"
20127,Morris ,Kansas,582
20129,Morton ,Kansas,292
20131,Nemaha ,Kansas,872
20133,Neosho ,Kansas,"2,426"
20135,Ness ,Kansas,283
20137,Norton ,Kansas,527
20139,Osage ,Kansas,"2,231"
20141,Osborne ,Kansas,445
20143,Ottawa ,Kansas,553
20145,Pawnee ,Kansas,755
20147,Phillips ,Kansas,565
20149,Pottawatomie ,Kansas,"1,735"
20151,Pratt ,Kansas,981
20153,Rawlins ,Kansas,352
20155,Reno ,Kansas,"7,882"
20157,Republic ,Kansas,553
20159,Rice ,Kansas,"1,042"
20161,Riley ,Kansas,"13,334"
20163,Rooks ,Kansas,509
20165,Rush ,Kansas,362
20167,Russell ,Kansas,974
20169,Saline ,Kansas,"6,514"
20171,Scott ,Kansas,372
20173,Sedgwick ,Kansas,"64,061"
20175,Seward ,Kansas,"2,969"
20177,Shawnee ,Kansas,"16,817"
20179,Sheridan ,Kansas,294
20181,Sherman ,Kansas,725
20183,Smith ,Kansas,407
20185,Stafford ,Kansas,559
20187,Stanton ,Kansas,206
20189,Stevens ,Kansas,524
20191,Sumner ,Kansas,"2,542"
20193,Thomas ,Kansas,670
20195,Trego ,Kansas,295
20197,Wabaunsee ,Kansas,472
20199,Wallace ,Kansas,181
20201,Washington ,Kansas,502
20203,Wichita ,Kansas,230
20205,Wilson ,Kansas,"1,110"
20207,Woodson ,Kansas,440
20209,Wyandotte ,Kansas,"33,777"
21001,Adair ,Kentucky,"3,832"
21003,Allen ,Kentucky,"3,543"
21005,Anderson ,Kentucky,"2,294"
21007,Ballard ,Kentucky,"1,195"
21009,Barren ,Kentucky,"8,697"
21011,Bath ,Kentucky,"2,397"
21013,Bell ,Kentucky,"7,569"
21015,Boone ,Kentucky,"9,435"
21017,Bourbon ,Kentucky,"2,736"
21019,Boyd ,Kentucky,"9,186"
21021,Boyle ,Kentucky,"4,119"
21023,Bracken ,Kentucky,"1,156"
21025,Breathitt ,Kentucky,"3,609"
21027,Breckinridge ,Kentucky,"3,675"
21029,Bullitt ,Kentucky,"6,294"
21031,Butler ,Kentucky,"2,261"
21033,Caldwell ,Kentucky,"1,982"
21035,Calloway ,Kentucky,"5,875"
21037,Campbell ,Kentucky,"9,833"
21039,Carlisle ,Kentucky,725
21041,Carroll ,Kentucky,"1,569"
21043,Carter ,Kentucky,"5,207"
21045,Casey ,Kentucky,"3,938"
21047,Christian ,Kentucky,"12,219"
21049,Clark ,Kentucky,"4,627"
21051,Clay ,Kentucky,"5,905"
21053,Clinton ,Kentucky,"2,353"
21055,Crittenden ,Kentucky,"1,646"
21057,Cumberland ,Kentucky,"1,492"
21059,Daviess ,Kentucky,"15,213"
21061,Edmonson ,Kentucky,"1,925"
21063,Elliott ,Kentucky,"1,775"
21065,Estill ,Kentucky,"3,161"
21067,Fayette ,Kentucky,"47,657"
21069,Fleming ,Kentucky,"3,065"
21071,Floyd ,Kentucky,"9,632"
21073,Franklin ,Kentucky,"5,680"
21075,Fulton ,Kentucky,"1,412"
21077,Gallatin ,Kentucky,"1,167"
21079,Garrard ,Kentucky,"2,741"
21081,Grant ,Kentucky,"3,256"
21083,Graves ,Kentucky,"6,551"
21085,Grayson ,Kentucky,"5,175"
21087,Green ,Kentucky,"2,010"
21089,Greenup ,Kentucky,"5,490"
21091,Hancock ,Kentucky,"1,055"
21093,Hardin ,Kentucky,"11,476"
21095,Harlan ,Kentucky,"7,918"
21097,Harrison ,Kentucky,"2,845"
21099,Hart ,Kentucky,"3,767"
21101,Henderson ,Kentucky,"7,172"
21103,Henry ,Kentucky,"2,337"
21105,Hickman ,Kentucky,703
21107,Hopkins ,Kentucky,"7,829"
21109,Jackson ,Kentucky,"3,655"
21111,Jefferson ,Kentucky,"106,552"
21113,Jessamine ,Kentucky,"5,744"
21115,Johnson ,Kentucky,"5,575"
21117,Kenton ,Kentucky,"18,352"
21119,Knott ,Kentucky,"4,291"
21121,Knox ,Kentucky,"9,538"
21123,Larue ,Kentucky,"2,160"
21125,Laurel ,Kentucky,"12,793"
21127,Lawrence ,Kentucky,"3,546"
21129,Lee ,Kentucky,"2,220"
21131,Leslie ,Kentucky,"3,106"
21133,Letcher ,Kentucky,"6,158"
21135,Lewis ,Kentucky,"3,036"
21137,Lincoln ,Kentucky,"4,770"
21139,Livingston ,Kentucky,"1,110"
21141,Logan ,Kentucky,"4,080"
21143,Lyon ,Kentucky,"1,015"
21145,McCracken ,Kentucky,"9,947"
21147,McCreary ,Kentucky,"5,319"
21149,McLean ,Kentucky,"1,268"
21151,Madison ,Kentucky,"15,284"
21153,Magoffin ,Kentucky,"3,528"
21155,Marion ,Kentucky,"3,148"
21157,Marshall ,Kentucky,"3,596"
21159,Martin ,Kentucky,"3,353"
21161,Mason ,Kentucky,"2,619"
21163,Meade ,Kentucky,"3,206"
21165,Menifee ,Kentucky,"1,661"
21167,Mercer ,Kentucky,"2,990"
21169,Metcalfe ,Kentucky,"2,241"
21171,Monroe ,Kentucky,"2,263"
21173,Montgomery ,Kentucky,"4,373"
21175,Morgan ,Kentucky,"2,997"
21177,Muhlenberg ,Kentucky,"5,425"
21179,Nelson ,Kentucky,"4,773"
21181,Nicholas ,Kentucky,"1,236"
21183,Ohio ,Kentucky,"3,672"
21185,Oldham ,Kentucky,"3,070"
21187,Owen ,Kentucky,"1,703"
21189,Owsley ,Kentucky,"1,528"
21191,Pendleton ,Kentucky,"1,791"
21193,Perry ,Kentucky,"6,080"
21195,Pike ,Kentucky,"13,523"
21197,Powell ,Kentucky,"2,593"
21199,Pulaski ,Kentucky,"14,392"
21201,Robertson ,Kentucky,450
21203,Rockcastle ,Kentucky,"3,425"
21205,Rowan ,Kentucky,"4,976"
21207,Russell ,Kentucky,"3,990"
21209,Scott ,Kentucky,"4,795"
21211,Shelby ,Kentucky,"4,449"
21213,Simpson ,Kentucky,"2,264"
21215,Spencer ,Kentucky,"1,403"
21217,Taylor ,Kentucky,"3,997"
21219,Todd ,Kentucky,"2,060"
21221,Trigg ,Kentucky,"2,119"
21223,Trimble ,Kentucky,996
21225,Union ,Kentucky,"2,455"
21227,Warren ,Kentucky,"19,308"
21229,Washington ,Kentucky,"1,723"
21231,Wayne ,Kentucky,"4,736"
21233,Webster ,Kentucky,"2,032"
21235,Whitley ,Kentucky,"7,763"
21237,Wolfe ,Kentucky,"2,108"
21239,Woodford ,Kentucky,"2,162"
22001,Acadia Parish,Louisiana,"12,365"
22003,Allen Parish,Louisiana,"4,610"
22005,Ascension Parish,Louisiana,"12,011"
22007,Assumption Parish,Louisiana,"4,071"
22009,Avoyelles Parish,Louisiana,"8,980"
22011,Beauregard Parish,Louisiana,"5,167"
22013,Bienville Parish,Louisiana,"3,137"
22015,Bossier Parish,Louisiana,"20,339"
22017,Caddo Parish,Louisiana,"56,480"
22019,Calcasieu Parish,Louisiana,"37,742"
22021,Caldwell Parish,Louisiana,"1,818"
22023,Cameron Parish,Louisiana,949
22025,Catahoula Parish,Louisiana,"2,275"
22027,Claiborne Parish,Louisiana,"4,135"
22029,Concordia Parish,Louisiana,"4,873"
22031,De Soto Parish,Louisiana,"4,898"
22033,East Baton Rouge Parish,Louisiana,"76,011"
22035,East Carroll Parish,Louisiana,"2,221"
22037,East Feliciana Parish,Louisiana,"3,130"
22039,Evangeline Parish,Louisiana,"9,115"
22041,Franklin Parish,Louisiana,"4,990"
22043,Grant Parish,Louisiana,"3,610"
22045,Iberia Parish,Louisiana,"15,059"
22047,Iberville Parish,Louisiana,"5,370"
22049,Jackson Parish,Louisiana,"2,827"
22051,Jefferson Parish,Louisiana,"62,709"
22053,Jefferson Davis Parish,Louisiana,"5,877"
22055,Lafayette Parish,Louisiana,"39,646"
22057,Lafourche Parish,Louisiana,"16,755"
22059,La Salle Parish,Louisiana,"2,300"
22061,Lincoln Parish,Louisiana,"12,361"
22063,Livingston Parish,Louisiana,"16,700"
22065,Madison Parish,Louisiana,"3,855"
22067,Morehouse Parish,Louisiana,"7,449"
22069,Natchitoches Parish,Louisiana,"7,047"
22071,Orleans Parish,Louisiana,"88,917"
22073,Ouachita Parish,Louisiana,"35,315"
22075,Plaquemines Parish,Louisiana,"3,450"
22077,Pointe Coupee Parish,Louisiana,"4,312"
22079,Rapides Parish,Louisiana,"23,052"
22081,Red River Parish,Louisiana,"1,970"
22083,Richland Parish,Louisiana,"4,810"
22085,Sabine Parish,Louisiana,"4,296"
22087,St. Bernard Parish,Louisiana,"8,967"
22089,St. Charles Parish,Louisiana,"5,824"
22091,St. Helena Parish,Louisiana,"1,952"
22093,St. James Parish,Louisiana,"3,455"
22095,St. John the Baptist Parish,Louisiana,"6,780"
22097,St. Landry Parish,Louisiana,"18,256"
22099,St. Martin Parish,Louisiana,"9,811"
22101,St. Mary Parish,Louisiana,"11,532"
22103,St. Tammany Parish,Louisiana,"29,707"
22105,Tangipahoa Parish,Louisiana,"28,408"
22107,Tensas Parish,Louisiana,"1,247"
22109,Terrebonne Parish,Louisiana,"20,691"
22111,Union Parish,Louisiana,"4,187"
22113,Vermilion Parish,Louisiana,"10,017"
22115,Vernon Parish,Louisiana,"6,850"
22117,Washington Parish,Louisiana,"11,062"
22119,Webster Parish,Louisiana,"10,967"
22121,West Baton Rouge Parish,Louisiana,"3,734"
22123,West Carroll Parish,Louisiana,"2,177"
22125,West Feliciana Parish,Louisiana,"2,261"
22127,Winn Parish,Louisiana,"2,852"
23001,Androscoggin ,Maine,"10,871"
23003,Aroostook ,Maine,"10,052"
23005,Cumberland ,Maine,"22,333"
23007,Franklin ,Maine,"3,653"
23009,Hancock ,Maine,"5,695"
23011,Kennebec ,Maine,"13,605"
23013,Knox ,Maine,"4,174"
23015,Lincoln ,Maine,"3,727"
23017,Oxford ,Maine,"7,414"
23019,Penobscot ,Maine,"17,894"
23021,Piscataquis ,Maine,"2,717"
23023,Sagadahoc ,Maine,"3,054"
23025,Somerset ,Maine,"9,059"
23027,Waldo ,Maine,"5,318"
23029,Washington ,Maine,"6,009"
23031,York ,Maine,"15,990"
24001,Allegany ,Maryland,"10,038"
24003,Anne Arundel ,Maryland,"32,641"
24005,Baltimore ,Maryland,"71,496"
24009,Calvert ,Maryland,"5,216"
24011,Caroline ,Maryland,"3,990"
24013,Carroll ,Maryland,"8,359"
24015,Cecil ,Maryland,"10,469"
24017,Charles ,Maryland,"10,268"
24019,Dorchester ,Maryland,"5,160"
24021,Frederick ,Maryland,"14,538"
24023,Garrett ,Maryland,"3,644"
24025,Harford ,Maryland,"16,851"
24027,Howard ,Maryland,"16,216"
24029,Kent ,Maryland,"2,242"
24031,Montgomery ,Maryland,"75,836"
24033,Prince George's ,Maryland,"76,853"
24035,Queen Anne's ,Maryland,"2,967"
24037,St. Mary's ,Maryland,"8,494"
24039,Somerset ,Maryland,"4,775"
24041,Talbot ,Maryland,"3,210"
24043,Washington ,Maryland,"17,545"
24045,Wicomico ,Maryland,"15,845"
24047,Worcester ,Maryland,"5,103"
24510,Baltimore city,Maryland,"115,961"
25001,Barnstable ,Massachusetts,"13,595"
25003,Berkshire ,Massachusetts,"13,321"
25005,Bristol ,Massachusetts,"62,413"
25007,Dukes ,Massachusetts,"1,249"
25009,Essex ,Massachusetts,"68,255"
25011,Franklin ,Massachusetts,"6,403"
25013,Hampden ,Massachusetts,"62,331"
25015,Hampshire ,Massachusetts,"15,342"
25017,Middlesex ,Massachusetts,"108,177"
25019,Nantucket ,Massachusetts,620
25021,Norfolk ,Massachusetts,"40,148"
25023,Plymouth ,Massachusetts,"37,885"
25025,Suffolk ,Massachusetts,"126,266"
25027,Worcester ,Massachusetts,"75,546"
26001,Alcona ,Michigan,"1,846"
26003,Alger ,Michigan,"1,020"
26005,Allegan ,Michigan,"12,648"
26007,Alpena ,Michigan,"3,894"
26009,Antrim ,Michigan,"2,216"
26011,Arenac ,Michigan,"2,528"
26013,Baraga ,Michigan,984
26015,Barry ,Michigan,"4,749"
26017,Bay ,Michigan,"13,645"
26019,Benzie ,Michigan,"1,685"
26021,Berrien ,Michigan,"23,806"
26023,Branch ,Michigan,"5,462"
26025,Calhoun ,Michigan,"18,085"
26027,Cass ,Michigan,"7,558"
26029,Charlevoix ,Michigan,"2,510"
26031,Cheboygan ,Michigan,"3,716"
26033,Chippewa ,Michigan,"5,966"
26035,Clare ,Michigan,"5,982"
26037,Clinton ,Michigan,"6,164"
26039,Crawford ,Michigan,"1,933"
26041,Delta ,Michigan,"4,844"
26043,Dickinson ,Michigan,"2,457"
26045,Eaton ,Michigan,"8,093"
26047,Emmet ,Michigan,"3,029"
26049,Genesee ,Michigan,"66,557"
26051,Gladwin ,Michigan,"3,401"
26053,Gogebic ,Michigan,"2,325"
26055,Grand Traverse ,Michigan,"6,638"
26057,Gratiot ,Michigan,"5,035"
26059,Hillsdale ,Michigan,"6,771"
26061,Houghton ,Michigan,"4,828"
26063,Huron ,Michigan,"4,190"
26065,Ingham ,Michigan,"47,655"
26067,Ionia ,Michigan,"6,792"
26069,Iosco ,Michigan,"3,495"
26071,Iron ,Michigan,"1,473"
26073,Isabella ,Michigan,"14,755"
26075,Jackson ,Michigan,"20,500"
26077,Kalamazoo ,Michigan,"34,247"
26079,Kalkaska ,Michigan,"2,478"
26081,Kent ,Michigan,"72,323"
26083,Keweenaw ,Michigan,217
26085,Lake ,Michigan,"2,342"
26087,Lapeer ,Michigan,"8,674"
26089,Leelanau ,Michigan,"1,541"
26091,Lenawee ,Michigan,"11,037"
26093,Livingston ,Michigan,"8,415"
26095,Luce ,Michigan,969
26097,Mackinac ,Michigan,"1,507"
26099,Macomb ,Michigan,"74,273"
26101,Manistee ,Michigan,"2,862"
26103,Marquette ,Michigan,"7,321"
26105,Mason ,Michigan,"3,992"
26107,Mecosta ,Michigan,"7,976"
26109,Menominee ,Michigan,"3,029"
26111,Midland ,Michigan,"7,920"
26113,Missaukee ,Michigan,"1,633"
26115,Monroe ,Michigan,"15,223"
26117,Montcalm ,Michigan,"7,559"
26119,Montmorency ,Michigan,"1,321"
26121,Muskegon ,Michigan,"22,745"
26123,Newaygo ,Michigan,"7,576"
26125,Oakland ,Michigan,"96,558"
26127,Oceana ,Michigan,"3,880"
26129,Ogemaw ,Michigan,"3,768"
26131,Ontonagon ,Michigan,755
26133,Osceola ,Michigan,"3,376"
26135,Oscoda ,Michigan,"1,258"
26137,Otsego ,Michigan,"2,429"
26139,Ottawa ,Michigan,"22,048"
26141,Presque Isle ,Michigan,"1,344"
26143,Roscommon ,Michigan,"3,636"
26145,Saginaw ,Michigan,"34,239"
26147,St. Clair ,Michigan,"16,375"
26149,St. Joseph ,Michigan,"7,779"
26151,Sanilac ,Michigan,"5,528"
26153,Schoolcraft ,Michigan,"1,138"
26155,Shiawassee ,Michigan,"7,344"
26157,Tuscola ,Michigan,"5,948"
26159,Van Buren ,Michigan,"9,697"
26161,Washtenaw ,Michigan,"44,991"
26163,Wayne ,Michigan,"341,821"
26165,Wexford ,Michigan,"4,118"
27001,Aitkin ,Minnesota,"1,947"
27003,Anoka ,Minnesota,"21,793"
27005,Becker ,Minnesota,"3,447"
27007,Beltrami ,Minnesota,"7,357"
27009,Benton ,Minnesota,"3,465"
27011,Big Stone ,Minnesota,533
27013,Blue Earth ,Minnesota,"9,729"
27015,Brown ,Minnesota,"1,763"
27017,Carlton ,Minnesota,"3,114"
27019,Carver ,Minnesota,"4,492"
27021,Cass ,Minnesota,"3,359"
27023,Chippewa ,Minnesota,"1,210"
27025,Chisago ,Minnesota,"3,403"
27027,Clay ,Minnesota,"7,283"
27029,Clearwater ,Minnesota,"1,002"
27031,Cook ,Minnesota,484
27033,Cottonwood ,Minnesota,"1,182"
27035,Crow Wing ,Minnesota,"6,749"
27037,Dakota ,Minnesota,"26,714"
27039,Dodge ,Minnesota,"1,159"
27041,Douglas ,Minnesota,"2,375"
27043,Faribault ,Minnesota,"1,615"
27045,Fillmore ,Minnesota,"1,940"
27047,Freeborn ,Minnesota,"2,858"
27049,Goodhue ,Minnesota,"3,248"
27051,Grant ,Minnesota,519
27053,Hennepin ,Minnesota,"120,032"
27055,Houston ,Minnesota,"1,430"
27057,Hubbard ,Minnesota,"2,386"
27059,Isanti ,Minnesota,"2,761"
27061,Itasca ,Minnesota,"4,946"
27063,Jackson ,Minnesota,953
27065,Kanabec ,Minnesota,"1,632"
27067,Kandiyohi ,Minnesota,"4,136"
27069,Kittson ,Minnesota,386
27071,Koochiching ,Minnesota,"1,559"
27073,Lac qui Parle ,Minnesota,614
27075,Lake ,Minnesota,945
27077,Lake of the Woods ,Minnesota,337
27079,Le Sueur ,Minnesota,"2,027"
27081,Lincoln ,Minnesota,556
27083,Lyon ,Minnesota,"2,609"
27085,McLeod ,Minnesota,"2,224"
27087,Mahnomen ,Minnesota,"1,158"
27089,Marshall ,Minnesota,691
27091,Martin ,Minnesota,"2,041"
27093,Meeker ,Minnesota,"1,807"
27095,Mille Lacs ,Minnesota,"2,914"
27097,Morrison ,Minnesota,"2,944"
27099,Mower ,Minnesota,"4,539"
27101,Murray ,Minnesota,682
27103,Nicollet ,Minnesota,"3,146"
27105,Nobles ,Minnesota,"2,334"
27107,Norman ,Minnesota,647
27109,Olmsted ,Minnesota,"10,482"
27111,Otter Tail ,Minnesota,"6,331"
27113,Pennington ,Minnesota,"1,342"
27115,Pine ,Minnesota,"3,219"
27117,Pipestone ,Minnesota,986
27119,Polk ,Minnesota,"3,266"
27121,Pope ,Minnesota,982
27123,Ramsey ,Minnesota,"66,340"
27125,Red Lake ,Minnesota,397
27127,Redwood ,Minnesota,"1,433"
27129,Renville ,Minnesota,"1,418"
27131,Rice ,Minnesota,"4,919"
27133,Rock ,Minnesota,785
27135,Roseau ,Minnesota,902
27137,St. Louis ,Minnesota,"24,428"
27139,Scott ,Minnesota,"6,157"
27141,Sherburne ,Minnesota,"5,170"
27143,Sibley ,Minnesota,"1,574"
27145,Stearns ,Minnesota,"17,305"
27147,Steele ,Minnesota,"2,262"
27149,Stevens ,Minnesota,"1,061"
27151,Swift ,Minnesota,864
27153,Todd ,Minnesota,"2,874"
27155,Traverse ,Minnesota,374
27157,Wabasha ,Minnesota,"1,803"
27159,Wadena ,Minnesota,"1,658"
27161,Waseca ,Minnesota,"1,569"
27163,Washington ,Minnesota,"11,924"
27165,Watonwan ,Minnesota,"1,081"
27167,Wilkin ,Minnesota,551
27169,Winona ,Minnesota,"5,165"
27171,Wright ,Minnesota,"7,079"
27173,Yellow Medicine ,Minnesota,910
28001,Adams ,Mississippi,"7,891"
28003,Alcorn ,Mississippi,"6,251"
28005,Amite ,Mississippi,"2,537"
28007,Attala ,Mississippi,"4,290"
28009,Benton ,Mississippi,"1,685"
28011,Bolivar ,Mississippi,"10,665"
28013,Calhoun ,Mississippi,"2,428"
28015,Carroll ,Mississippi,"1,641"
28017,Chickasaw ,Mississippi,"3,755"
28019,Choctaw ,Mississippi,"1,693"
28021,Claiborne ,Mississippi,"2,875"
28023,Clarke ,Mississippi,"3,573"
28025,Clay ,Mississippi,"5,635"
28027,Coahoma ,Mississippi,"8,210"
28029,Copiah ,Mississippi,"6,082"
28031,Covington ,Mississippi,"3,897"
28033,DeSoto ,Mississippi,"17,313"
28035,Forrest ,Mississippi,"16,776"
28037,Franklin ,Mississippi,"1,496"
28039,George ,Mississippi,"3,961"
28041,Greene ,Mississippi,"2,389"
28043,Grenada ,Mississippi,"4,162"
28045,Hancock ,Mississippi,"7,869"
28047,Harrison ,Mississippi,"35,341"
28049,Hinds ,Mississippi,"44,973"
28051,Holmes ,Mississippi,"5,447"
28053,Humphreys ,Mississippi,"2,949"
28055,Issaquena ,Mississippi,353
28057,Itawamba ,Mississippi,"2,868"
28059,Jackson ,Mississippi,"21,371"
28061,Jasper ,Mississippi,"3,333"
28063,Jefferson ,Mississippi,"1,910"
28065,Jefferson Davis ,Mississippi,"2,676"
28067,Jones ,Mississippi,"15,816"
28069,Kemper ,Mississippi,"2,430"
28071,Lafayette ,Mississippi,"8,642"
28073,Lamar ,Mississippi,"10,059"
28075,Lauderdale ,Mississippi,"15,208"
28077,Lawrence ,Mississippi,"2,466"
28079,Leake ,Mississippi,"5,007"
28081,Lee ,Mississippi,"12,271"
28083,Leflore ,Mississippi,"9,631"
28085,Lincoln ,Mississippi,"6,564"
28087,Lowndes ,Mississippi,"9,836"
28089,Madison ,Mississippi,"10,541"
28091,Marion ,Mississippi,"5,661"
28093,Marshall ,Mississippi,"6,777"
28095,Monroe ,Mississippi,"6,211"
28097,Montgomery ,Mississippi,"2,285"
28099,Neshoba ,Mississippi,"6,228"
28101,Newton ,Mississippi,"4,163"
28103,Noxubee ,Mississippi,"2,989"
28105,Oktibbeha ,Mississippi,"14,067"
28107,Panola ,Mississippi,"7,738"
28109,Pearl River ,Mississippi,"9,767"
28111,Perry ,Mississippi,"2,358"
28113,Pike ,Mississippi,"10,040"
28115,Pontotoc ,Mississippi,"5,041"
28117,Prentiss ,Mississippi,"3,814"
28119,Quitman ,Mississippi,"2,322"
28121,Rankin ,Mississippi,"16,526"
28123,Scott ,Mississippi,"5,485"
28125,Sharkey ,Mississippi,"1,415"
28127,Simpson ,Mississippi,"4,656"
28129,Smith ,Mississippi,"2,988"
28131,Stone ,Mississippi,"3,144"
28133,Sunflower ,Mississippi,"7,156"
28135,Tallahatchie ,Mississippi,"4,304"
28137,Tate ,Mississippi,"4,114"
28139,Tippah ,Mississippi,"3,500"
28141,Tishomingo ,Mississippi,"3,242"
28143,Tunica ,Mississippi,"2,666"
28145,Union ,Mississippi,"3,694"
28147,Walthall ,Mississippi,"3,063"
28149,Warren ,Mississippi,"9,016"
28151,Washington ,Mississippi,"14,550"
28153,Wayne ,Mississippi,"4,447"
28155,Webster ,Mississippi,"1,631"
28157,Wilkinson ,Mississippi,"2,340"
28159,Winston ,Mississippi,"4,441"
28161,Yalobusha ,Mississippi,"2,906"
28163,Yazoo ,Mississippi,"8,253"
29001,Adair ,Missouri,"4,308"
29003,Andrew ,Missouri,"1,559"
29005,Atchison ,Missouri,648
29007,Audrain ,Missouri,"3,797"
29009,Barry ,Missouri,"6,569"
29011,Barton ,Missouri,"1,737"
29013,Bates ,Missouri,"2,674"
29015,Benton ,Missouri,"3,208"
29017,Bollinger ,Missouri,"1,734"
29019,Boone ,Missouri,"29,399"
29021,Buchanan ,Missouri,"13,094"
29023,Butler ,Missouri,"9,362"
29025,Caldwell ,Missouri,"1,197"
29027,Callaway ,Missouri,"4,735"
29029,Camden ,Missouri,"6,149"
29031,Cape Girardeau ,Missouri,"10,909"
29033,Carroll ,Missouri,"1,183"
29035,Carter ,Missouri,"1,176"
29037,Cass ,Missouri,"8,226"
29039,Cedar ,Missouri,"2,529"
29041,Chariton ,Missouri,901
29043,Christian ,Missouri,"9,091"
29045,Clark ,Missouri,943
29047,Clay ,Missouri,"22,470"
29049,Clinton ,Missouri,"1,968"
29051,Cole ,Missouri,"7,628"
29053,Cooper ,Missouri,"1,896"
29055,Crawford ,Missouri,"3,656"
29057,Dade ,Missouri,"1,180"
29059,Dallas ,Missouri,"2,954"
29061,Daviess ,Missouri,"1,425"
29063,DeKalb ,Missouri,"1,329"
29065,Dent ,Missouri,"2,917"
29067,Douglas ,Missouri,"2,434"
29069,Dunklin ,Missouri,"7,569"
29071,Franklin ,Missouri,"9,546"
29073,Gasconade ,Missouri,"1,671"
29075,Gentry ,Missouri,740
29077,Greene ,Missouri,"40,634"
29079,Grundy ,Missouri,"1,774"
29081,Harrison ,Missouri,"1,266"
29083,Henry ,Missouri,"3,729"
29085,Hickory ,Missouri,"1,712"
29087,Holt ,Missouri,508
29089,Howard ,Missouri,"1,205"
29091,Howell ,Missouri,"8,213"
29093,Iron ,Missouri,"2,046"
29095,Jackson ,Missouri,"94,823"
29097,Jasper ,Missouri,"22,258"
29099,Jefferson ,Missouri,"18,767"
29101,Johnson ,Missouri,"5,724"
29103,Knox ,Missouri,645
29105,Laclede ,Missouri,"5,544"
29107,Lafayette ,Missouri,"3,430"
29109,Lawrence ,Missouri,"6,046"
29111,Lewis ,Missouri,"1,503"
29113,Lincoln ,Missouri,"5,456"
29115,Linn ,Missouri,"2,207"
29117,Livingston ,Missouri,"1,984"
29119,McDonald ,Missouri,"4,173"
29121,Macon ,Missouri,"1,842"
29123,Madison ,Missouri,"1,982"
29125,Maries ,Missouri,"1,229"
29127,Marion ,Missouri,"3,776"
29129,Mercer ,Missouri,453
29131,Miller ,Missouri,"3,818"
29133,Mississippi ,Missouri,"3,130"
29135,Moniteau ,Missouri,"1,617"
29137,Monroe ,Missouri,"1,143"
29139,Montgomery ,Missouri,"1,482"
29141,Morgan ,Missouri,"3,594"
29143,New Madrid ,Missouri,"3,758"
29145,Newton ,Missouri,"7,511"
29147,Nodaway ,Missouri,"3,302"
29149,Oregon ,Missouri,"2,132"
29151,Osage ,Missouri,"1,199"
29153,Ozark ,Missouri,"2,056"
29155,Pemiscot ,Missouri,"4,178"
29157,Perry ,Missouri,"1,710"
29159,Pettis ,Missouri,"5,349"
29161,Phelps ,Missouri,"7,069"
29163,Pike ,Missouri,"2,802"
29165,Platte ,Missouri,"5,451"
29167,Polk ,Missouri,"6,005"
29169,Pulaski ,Missouri,"6,185"
29171,Putnam ,Missouri,725
29173,Ralls ,Missouri,"1,026"
29175,Randolph ,Missouri,"3,710"
29177,Ray ,Missouri,"2,076"
29179,Reynolds ,Missouri,"1,333"
29181,Ripley ,Missouri,"2,581"
29183,St. Charles ,Missouri,"18,379"
29185,St. Clair ,Missouri,"1,771"
29186,Ste. Genevieve ,Missouri,"1,698"
29187,St. Francois ,Missouri,"10,201"
29189,St. Louis ,Missouri,"90,474"
29195,Saline ,Missouri,"3,357"
29197,Schuyler ,Missouri,953
29199,Scotland ,Missouri,688
29201,Scott ,Missouri,"6,730"
29203,Shannon ,Missouri,"1,827"
29205,Shelby ,Missouri,906
29207,Stoddard ,Missouri,"5,249"
29209,Stone ,Missouri,"4,873"
29211,Sullivan ,Missouri,935
29213,Taney ,Missouri,"6,818"
29215,Texas ,Missouri,"4,923"
29217,Vernon ,Missouri,"3,367"
29219,Warren ,Missouri,"3,521"
29221,Washington ,Missouri,"5,269"
29223,Wayne ,Missouri,"2,620"
29225,Webster ,Missouri,"6,236"
29227,Worth ,Missouri,292
29229,Wright ,Missouri,"3,534"
29510,St. Louis city,Missouri,"59,238"
30001,Beaverhead ,Montana,"1,302"
30003,Big Horn ,Montana,"3,430"
30005,Blaine ,Montana,"1,401"
30007,Broadwater ,Montana,556
30009,Carbon ,Montana,"1,078"
30011,Carter ,Montana,175
30013,Cascade ,Montana,"11,259"
30015,Chouteau ,Montana,857
30017,Custer ,Montana,"1,427"
30019,Daniels ,Montana,180
30021,Dawson ,Montana,955
30023,Deer Lodge ,Montana,"1,350"
30025,Fallon ,Montana,272
30027,Fergus ,Montana,"1,418"
30029,Flathead ,Montana,"9,689"
30031,Gallatin ,Montana,"11,486"
30033,Garfield ,Montana,206
30035,Glacier ,Montana,"3,449"
30037,Golden Valley ,Montana,155
30039,Granite ,Montana,417
30041,Hill ,Montana,"2,517"
30043,Jefferson ,Montana,967
30045,Judith Basin ,Montana,290
30047,Lake ,Montana,"5,181"
30049,Lewis and Clark ,Montana,"6,393"
30051,Liberty ,Montana,425
30053,Lincoln ,Montana,"3,440"
30055,McCone ,Montana,238
30057,Madison ,Montana,823
30059,Meagher ,Montana,282
30061,Mineral ,Montana,681
30063,Missoula ,Montana,"13,748"
30065,Musselshell ,Montana,758
30067,Park ,Montana,"1,940"
30069,Petroleum ,Montana,72
30071,Phillips ,Montana,557
30073,Pondera ,Montana,995
30075,Powder River ,Montana,227
30077,Powell ,Montana,846
30079,Prairie ,Montana,138
30081,Ravalli ,Montana,"4,859"
30083,Richland ,Montana,945
30085,Roosevelt ,Montana,"2,617"
30087,Rosebud ,Montana,"1,437"
30089,Sanders ,Montana,"1,994"
30091,Sheridan ,Montana,399
30093,Silver Bow ,Montana,"5,175"
30095,Stillwater ,Montana,887
30097,Sweet Grass ,Montana,380
30099,Teton ,Montana,799
30101,Toole ,Montana,650
30103,Treasure ,Montana,85
30105,Valley ,Montana,932
30107,Wheatland ,Montana,377
30109,Wibaux ,Montana,106
30111,Yellowstone ,Montana,"17,752"
31001,Adams ,Nebraska,"3,181"
31003,Antelope ,Nebraska,761
31005,Arthur ,Nebraska,63
31007,Banner ,Nebraska,84
31009,Blaine ,Nebraska,74
31011,Boone ,Nebraska,509
31013,Box Butte ,Nebraska,"1,096"
31015,Boyd ,Nebraska,263
31017,Brown ,Nebraska,337
31019,Buffalo ,Nebraska,"5,480"
31021,Burt ,Nebraska,636
31023,Butler ,Nebraska,644
31025,Cass ,Nebraska,"1,361"
31027,Cedar ,Nebraska,707
31029,Chase ,Nebraska,348
31031,Cherry ,Nebraska,601
31033,Cheyenne ,Nebraska,884
31035,Clay ,Nebraska,647
31037,Colfax ,Nebraska,868
31039,Cuming ,Nebraska,774
31041,Custer ,Nebraska,"1,252"
31043,Dakota ,Nebraska,"2,083"
31045,Dawes ,Nebraska,"1,280"
31047,Dawson ,Nebraska,"2,762"
31049,Deuel ,Nebraska,201
31051,Dixon ,Nebraska,480
31053,Dodge ,Nebraska,"3,349"
31055,Douglas ,Nebraska,"57,105"
31057,Dundy ,Nebraska,223
31059,Fillmore ,Nebraska,448
31061,Franklin ,Nebraska,421
31063,Frontier ,Nebraska,321
31065,Furnas ,Nebraska,557
31067,Gage ,Nebraska,"2,363"
31069,Garden ,Nebraska,272
31071,Garfield ,Nebraska,231
31073,Gosper ,Nebraska,172
31075,Grant ,Nebraska,60
31077,Greeley ,Nebraska,286
31079,Hall ,Nebraska,"6,123"
31081,Hamilton ,Nebraska,593
31083,Harlan ,Nebraska,366
31085,Hayes ,Nebraska,138
31087,Hitchcock ,Nebraska,309
31089,Holt ,Nebraska,"1,098"
31091,Hooker ,Nebraska,54
31093,Howard ,Nebraska,641
31095,Jefferson ,Nebraska,655
31097,Johnson ,Nebraska,448
31099,Kearney ,Nebraska,488
31101,Keith ,Nebraska,885
31103,Keya Paha ,Nebraska,152
31105,Kimball ,Nebraska,433
31107,Knox ,Nebraska,986
31109,Lancaster ,Nebraska,"32,535"
31111,Lincoln ,Nebraska,"3,682"
31113,Logan ,Nebraska,66
31115,Loup ,Nebraska,100
31117,McPherson ,Nebraska,62
31119,Madison ,Nebraska,"3,446"
31121,Merrick ,Nebraska,832
31123,Morrill ,Nebraska,598
31125,Nance ,Nebraska,351
31127,Nemaha ,Nebraska,768
31129,Nuckolls ,Nebraska,458
31131,Otoe ,Nebraska,"1,304"
31133,Pawnee ,Nebraska,334
31135,Perkins ,Nebraska,269
31137,Phelps ,Nebraska,873
31139,Pierce ,Nebraska,655
31141,Platte ,Nebraska,"2,960"
31143,Polk ,Nebraska,354
31145,Red Willow ,Nebraska,"1,231"
31147,Richardson ,Nebraska,946
31149,Rock ,Nebraska,184
31151,Saline ,Nebraska,"1,212"
31153,Sarpy ,Nebraska,"10,930"
31155,Saunders ,Nebraska,"1,462"
31157,Scotts Bluff ,Nebraska,"4,494"
31159,Seward ,Nebraska,"1,138"
31161,Sheridan ,Nebraska,738
31163,Sherman ,Nebraska,362
31165,Sioux ,Nebraska,185
31167,Stanton ,Nebraska,410
31169,Thayer ,Nebraska,527
31171,Thomas ,Nebraska,100
31173,Thurston ,Nebraska,"1,769"
31175,Valley ,Nebraska,425
31177,Washington ,Nebraska,"1,386"
31179,Wayne ,Nebraska,987
31181,Webster ,Nebraska,414
31183,Wheeler ,Nebraska,96
31185,York ,Nebraska,"1,205"
32001,Churchill ,Nevada,"2,871"
32003,Clark ,Nevada,"296,767"
32005,Douglas ,Nevada,"3,930"
32007,Elko ,Nevada,"5,714"
32009,Esmeralda ,Nevada,120
32011,Eureka ,Nevada,201
32013,Humboldt ,Nevada,"1,829"
32015,Lander ,Nevada,602
32017,Lincoln ,Nevada,674
32019,Lyon ,Nevada,"5,831"
32021,Mineral ,Nevada,708
32023,Nye ,Nevada,"7,317"
32027,Pershing ,Nevada,864
32029,Storey ,Nevada,290
32031,Washoe ,Nevada,"49,598"
32033,White Pine ,Nevada,"1,126"
32510,Carson City,Nevada,"6,458"
33001,Belknap ,New Hampshire,"5,139"
33003,Carroll ,New Hampshire,"4,370"
33005,Cheshire ,New Hampshire,"6,977"
33007,Coos ,New Hampshire,"4,062"
33009,Grafton ,New Hampshire,"7,601"
33011,Hillsborough ,New Hampshire,"30,494"
33013,Merrimack ,New Hampshire,"9,194"
33015,Rockingham ,New Hampshire,"15,522"
33017,Strafford ,New Hampshire,"10,645"
33019,Sullivan ,New Hampshire,"4,305"
34001,Atlantic ,New Jersy,"29,057"
34003,Bergen ,New Jersy,"52,980"
34005,Burlington ,New Jersy,"24,961"
34007,Camden ,New Jersy,"53,641"
34009,Cape May ,New Jersy,"8,853"
34011,Cumberland ,New Jersy,"19,261"
34013,Essex ,New Jersy,"107,745"
34015,Gloucester ,New Jersy,"21,602"
34017,Hudson ,New Jersy,"90,976"
34019,Hunterdon ,New Jersy,"4,794"
34021,Mercer ,New Jersy,"41,600"
34023,Middlesex ,New Jersy,"68,514"
34025,Monmouth ,New Jersy,"37,725"
34027,Morris ,New Jersy,"25,678"
34029,Ocean ,New Jersy,"53,950"
34031,Passaic ,New Jersy,"65,342"
34033,Salem ,New Jersy,"7,000"
34035,Somerset ,New Jersy,"17,409"
34037,Sussex ,New Jersy,"7,180"
34039,Union ,New Jersy,"50,094"
34041,Warren ,New Jersy,"7,313"
35001,Bernalillo ,New Mexico,"103,458"
35003,Catron ,New Mexico,723
35005,Chaves ,New Mexico,"11,376"
35006,Cibola ,New Mexico,"6,137"
35007,Colfax ,New Mexico,"1,961"
35009,Curry ,New Mexico,"8,868"
35011,DeBaca ,New Mexico,323
35013,Dona Ana ,New Mexico,"50,726"
35015,Eddy ,New Mexico,"6,474"
35017,Grant ,New Mexico,"4,772"
35019,Guadalupe ,New Mexico,874
35021,Harding ,New Mexico,96
35023,Hidalgo ,New Mexico,942
35025,Lea ,New Mexico,"10,399"
35027,Lincoln ,New Mexico,"2,657"
35028,Los Alamos ,New Mexico,683
35029,Luna ,New Mexico,"5,488"
35031,McKinley ,New Mexico,"21,294"
35033,Mora ,New Mexico,956
35035,Otero ,New Mexico,"13,054"
35037,Quay ,New Mexico,"1,781"
35039,Rio Arriba ,New Mexico,"8,542"
35041,Roosevelt ,New Mexico,"3,257"
35043,Sandoval ,New Mexico,"14,627"
35045,San Juan ,New Mexico,"24,358"
35047,San Miguel ,New Mexico,"6,239"
35049,Santa Fe ,New Mexico,"18,378"
35051,Sierra ,New Mexico,"2,899"
35053,Socorro ,New Mexico,"4,171"
35055,Taos ,New Mexico,"5,922"
35057,Torrance ,New Mexico,"3,198"
35059,Union ,New Mexico,684
35061,Valencia ,New Mexico,"13,210"
36001,Albany ,New York,"33,970"
36003,Allegany ,New York,"7,491"
36005,Bronx ,New York,"361,834"
36007,Broome ,New York,"31,962"
36009,Cattaraugus ,New York,"10,821"
36011,Cayuga ,New York,"10,058"
36013,Chautauqua ,New York,"19,896"
36015,Chemung ,New York,"11,221"
36017,Chenango ,New York,"6,368"
36019,Clinton ,New York,"10,950"
36021,Columbia ,New York,"5,883"
36023,Cortland ,New York,"7,542"
36025,Delaware ,New York,"5,290"
36027,Dutchess ,New York,"23,693"
36029,Erie ,New York,"118,386"
36031,Essex ,New York,"4,338"
36033,Franklin ,New York,"8,017"
36035,Fulton ,New York,"8,533"
36037,Genesee ,New York,"5,825"
36039,Greene ,New York,"5,589"
36041,Hamilton ,New York,433
36043,Herkimer ,New York,"8,235"
36045,Jefferson ,New York,"15,168"
36047,Kings ,New York,"446,923"
36049,Lewis ,New York,"3,208"
36051,Livingston ,New York,"7,916"
36053,Madison ,New York,"6,488"
36055,Monroe ,New York,"90,791"
36057,Montgomery ,New York,"7,652"
36059,Nassau ,New York,"74,435"
36061,New York ,New York,"222,672"
36063,Niagara ,New York,"25,407"
36065,Oneida ,New York,"31,586"
36067,Onondaga ,New York,"61,412"
36069,Ontario ,New York,"8,645"
36071,Orange ,New York,"46,013"
36073,Orleans ,New York,"5,020"
36075,Oswego ,New York,"17,530"
36077,Otsego ,New York,"8,809"
36079,Putnam ,New York,"5,016"
36081,Queens ,New York,"245,941"
36083,Rensselaer ,New York,"17,506"
36085,Richmond ,New York,"42,807"
36087,Rockland ,New York,"40,031"
36089,St. Lawrence ,New York,"18,348"
36091,Saratoga ,New York,"13,482"
36093,Schenectady ,New York,"18,363"
36095,Schoharie ,New York,"3,600"
36097,Schuyler ,New York,"2,763"
36099,Seneca ,New York,"4,302"
36101,Steuben ,New York,"14,089"
36103,Suffolk ,New York,"97,920"
36105,Sullivan ,New York,"11,745"
36107,Tioga ,New York,"4,485"
36109,Tompkins ,New York,"15,079"
36111,Ulster ,New York,"20,451"
36113,Warren ,New York,"6,399"
36115,Washington ,New York,"6,917"
36117,Wayne ,New York,"10,093"
36119,Westchester ,New York,"79,545"
36121,Wyoming ,New York,"3,598"
36123,Yates ,New York,"3,271"
37001,Alamance ,North Carolina,"23,890"
37003,Alexander ,North Carolina,"4,193"
37005,Alleghany ,North Carolina,"1,862"
37007,Anson ,North Carolina,"4,861"
37009,Ashe ,North Carolina,"3,946"
37011,Avery ,North Carolina,"2,481"
37013,Beaufort ,North Carolina,"8,164"
37015,Bertie ,North Carolina,"4,256"
37017,Bladen ,North Carolina,"6,876"
37019,Brunswick ,North Carolina,"14,423"
37021,Buncombe ,North Carolina,"31,045"
37023,Burke ,North Carolina,"16,123"
37025,Cabarrus ,North Carolina,"16,932"
37027,Caldwell ,North Carolina,"9,728"
37029,Camden ,North Carolina,819
37031,Carteret ,North Carolina,"7,102"
37033,Caswell ,North Carolina,"3,438"
37035,Catawba ,North Carolina,"20,898"
37037,Chatham ,North Carolina,"6,400"
37039,Cherokee ,North Carolina,"4,997"
37041,Chowan ,North Carolina,"2,528"
37043,Clay ,North Carolina,"1,554"
37045,Cleveland ,North Carolina,"18,230"
37047,Columbus ,North Carolina,"11,654"
37049,Craven ,North Carolina,"13,385"
37051,Cumberland ,North Carolina,"57,342"
37053,Currituck ,North Carolina,"2,419"
37055,Dare ,North Carolina,"3,284"
37057,Davidson ,North Carolina,"25,099"
37059,Davie ,North Carolina,"4,632"
37061,Duplin ,North Carolina,"10,288"
37063,Durham ,North Carolina,"43,009"
37065,Edgecombe ,North Carolina,"10,625"
37067,Forsyth ,North Carolina,"56,484"
37069,Franklin ,North Carolina,"7,908"
37071,Gaston ,North Carolina,"25,710"
37073,Gates ,North Carolina,"1,680"
37075,Graham ,North Carolina,"1,391"
37077,Granville ,North Carolina,"8,313"
37079,Greene ,North Carolina,"3,715"
37081,Guilford ,North Carolina,"83,004"
37083,Halifax ,North Carolina,"11,533"
37085,Harnett ,North Carolina,"20,597"
37087,Haywood ,North Carolina,"6,536"
37089,Henderson ,North Carolina,"12,349"
37091,Hertford ,North Carolina,"4,829"
37093,Hoke ,North Carolina,"9,149"
37095,Hyde ,North Carolina,853
37097,Iredell ,North Carolina,"14,812"
37099,Jackson ,North Carolina,"7,661"
37101,Johnston ,North Carolina,"25,901"
37103,Jones ,North Carolina,"1,747"
37105,Lee ,North Carolina,"8,634"
37107,Lenoir ,North Carolina,"12,750"
37109,Lincoln ,North Carolina,"7,682"
37111,McDowell ,North Carolina,"6,048"
37113,Macon ,North Carolina,"5,093"
37115,Madison ,North Carolina,"3,020"
37117,Martin ,North Carolina,"4,589"
37119,Mecklenburg ,North Carolina,"112,863"
37121,Mitchell ,North Carolina,"2,180"
37123,Montgomery ,North Carolina,"4,218"
37125,Moore ,North Carolina,"11,254"
37127,Nash ,North Carolina,"15,065"
37129,New Hanover ,North Carolina,"29,519"
37131,Northampton ,North Carolina,"4,042"
37133,Onslow ,North Carolina,"22,029"
37135,Orange ,North Carolina,"18,446"
37137,Pamlico ,North Carolina,"1,899"
37139,Pasquotank ,North Carolina,"5,386"
37141,Pender ,North Carolina,"7,117"
37143,Perquimans ,North Carolina,"2,007"
37145,Person ,North Carolina,"5,998"
37147,Pitt ,North Carolina,"33,512"
37149,Polk ,North Carolina,"2,476"
37151,Randolph ,North Carolina,"19,996"
37153,Richmond ,North Carolina,"11,234"
37155,Robeson ,North Carolina,"39,748"
37157,Rockingham ,North Carolina,"16,504"
37159,Rowan ,North Carolina,"19,063"
37161,Rutherford ,North Carolina,"12,158"
37163,Sampson ,North Carolina,"10,471"
37165,Scotland ,North Carolina,"9,168"
37167,Stanly ,North Carolina,"6,470"
37169,Stokes ,North Carolina,"5,844"
37171,Surry ,North Carolina,"11,338"
37173,Swain ,North Carolina,"2,253"
37175,Transylvania ,North Carolina,"4,388"
37177,Tyrrell ,North Carolina,861
37179,Union ,North Carolina,"17,281"
37181,Vance ,North Carolina,"8,143"
37183,Wake ,North Carolina,"87,375"
37185,Warren ,North Carolina,"4,083"
37187,Washington ,North Carolina,"2,438"
37189,Watauga ,North Carolina,"10,793"
37191,Wayne ,North Carolina,"22,456"
37193,Wilkes ,North Carolina,"10,228"
37195,Wilson ,North Carolina,"17,258"
37197,Yadkin ,North Carolina,"5,189"
37199,Yancey ,North Carolina,"2,537"
38001,Adams ,North Dakota,232
38003,Barnes ,North Dakota,977
38005,Benson ,North Dakota,"1,578"
38007,Billings ,North Dakota,90
38009,Bottineau ,North Dakota,586
38011,Bowman ,North Dakota,238
38013,Burke ,North Dakota,185
38015,Burleigh ,North Dakota,"6,304"
38017,Cass ,North Dakota,"20,189"
38019,Cavalier ,North Dakota,336
38021,Dickey ,North Dakota,494
38023,Divide ,North Dakota,239
38025,Dunn ,North Dakota,428
38027,Eddy ,North Dakota,222
38029,Emmons ,North Dakota,434
38031,Foster ,North Dakota,276
38033,Golden Valley ,North Dakota,206
38035,Grand Forks ,North Dakota,"8,769"
38037,Grant ,North Dakota,337
38039,Griggs ,North Dakota,207
38041,Hettinger ,North Dakota,290
38043,Kidder ,North Dakota,348
38045,LaMoure ,North Dakota,485
38047,Logan ,North Dakota,237
38049,McHenry ,North Dakota,685
38051,McIntosh ,North Dakota,335
38053,McKenzie ,North Dakota,"1,107"
38055,McLean ,North Dakota,876
38057,Mercer ,North Dakota,624
38059,Morton ,North Dakota,"2,416"
38061,Mountrail ,North Dakota,"1,000"
38063,Nelson ,North Dakota,315
38065,Oliver ,North Dakota,207
38067,Pembina ,North Dakota,583
38069,Pierce ,North Dakota,434
38071,Ramsey ,North Dakota,"1,361"
38073,Ransom ,North Dakota,438
38075,Renville ,North Dakota,202
38077,Richland ,North Dakota,"1,904"
38079,Rolette ,North Dakota,"3,632"
38081,Sargent ,North Dakota,290
38083,Sheridan ,North Dakota,219
38085,Sioux ,North Dakota,"1,333"
38087,Slope ,North Dakota,101
38089,Stark ,North Dakota,"2,622"
38091,Steele ,North Dakota,139
38093,Stutsman ,North Dakota,"2,064"
38095,Towner ,North Dakota,231
38097,Traill ,North Dakota,618
38099,Walsh ,North Dakota,"1,221"
38101,Ward ,North Dakota,"5,859"
38103,Wells ,North Dakota,464
38105,Williams ,North Dakota,"2,366"
39001,Adams ,Ohio,"5,200"
39003,Allen ,Ohio,"12,452"
39005,Ashland ,Ohio,"6,407"
39007,Ashtabula ,Ohio,"17,508"
39009,Athens ,Ohio,"14,839"
39011,Auglaize ,Ohio,"3,297"
39013,Belmont ,Ohio,"7,355"
39015,Brown ,Ohio,"5,162"
39017,Butler ,Ohio,"43,439"
39019,Carroll ,Ohio,"2,992"
39021,Champaign ,Ohio,"2,941"
39023,Clark ,Ohio,"18,960"
39025,Clermont ,Ohio,"16,710"
39027,Clinton ,Ohio,"6,041"
39029,Columbiana ,Ohio,"12,955"
39031,Coshocton ,Ohio,"4,517"
39033,Crawford ,Ohio,"6,000"
39035,Cuyahoga ,Ohio,"195,758"
39037,Darke ,Ohio,"6,115"
39039,Defiance ,Ohio,"3,264"
39041,Delaware ,Ohio,"9,863"
39043,Erie ,Ohio,"8,414"
39045,Fairfield ,Ohio,"12,549"
39047,Fayette ,Ohio,"3,777"
39049,Franklin ,Ohio,"172,890"
39051,Fulton ,Ohio,"2,889"
39053,Gallia ,Ohio,"4,790"
39055,Geauga ,Ohio,"5,083"
39057,Greene ,Ohio,"15,932"
39059,Guernsey ,Ohio,"5,946"
39061,Hamilton ,Ohio,"116,077"
39063,Hancock ,Ohio,"6,877"
39065,Hardin ,Ohio,"4,078"
39067,Harrison ,Ohio,"2,133"
39069,Henry ,Ohio,"2,000"
39071,Highland ,Ohio,"6,643"
39073,Hocking ,Ohio,"4,177"
39075,Holmes ,Ohio,"3,952"
39077,Huron ,Ohio,"5,719"
39079,Jackson ,Ohio,"5,491"
39081,Jefferson ,Ohio,"10,733"
39083,Knox ,Ohio,"6,664"
39085,Lake ,Ohio,"18,914"
39087,Lawrence ,Ohio,"9,482"
39089,Licking ,Ohio,"16,038"
39091,Logan ,Ohio,"4,751"
39093,Lorain ,Ohio,"41,735"
39095,Lucas ,Ohio,"75,402"
39097,Madison ,Ohio,"3,808"
39099,Mahoning ,Ohio,"40,346"
39101,Marion ,Ohio,"8,736"
39103,Medina ,Ohio,"9,739"
39105,Meigs ,Ohio,"3,570"
39107,Mercer ,Ohio,"2,710"
39109,Miami ,Ohio,"9,324"
39111,Monroe ,Ohio,"1,881"
39113,Montgomery ,Ohio,"78,917"
39115,Morgan ,Ohio,"2,236"
39117,Morrow ,Ohio,"2,967"
39119,Muskingum ,Ohio,"12,866"
39121,Noble ,Ohio,"1,657"
39123,Ottawa ,Ohio,"3,215"
39125,Paulding ,Ohio,"1,816"
39127,Perry ,Ohio,"5,333"
39129,Pickaway ,Ohio,"6,177"
39131,Pike ,Ohio,"5,191"
39133,Portage ,Ohio,"18,371"
39135,Preble ,Ohio,"3,602"
39137,Putnam ,Ohio,"2,397"
39139,Richland ,Ohio,"15,313"
39141,Ross ,Ohio,"10,803"
39143,Sandusky ,Ohio,"5,489"
39145,Scioto ,Ohio,"15,739"
39147,Seneca ,Ohio,"6,338"
39149,Shelby ,Ohio,"4,374"
39151,Stark ,Ohio,"46,938"
39153,Summit ,Ohio,"75,226"
39155,Trumbull ,Ohio,"29,809"
39157,Tuscarawas ,Ohio,"10,162"
39159,Union ,Ohio,"3,033"
39161,Van Wert ,Ohio,"2,359"
39163,Vinton ,Ohio,"2,417"
39165,Warren ,Ohio,"10,308"
39167,Washington ,Ohio,"6,395"
39169,Wayne ,Ohio,"11,062"
39171,Williams ,Ohio,"3,324"
39173,Wood ,Ohio,"13,819"
39175,Wyandot ,Ohio,"1,609"
40001,Adair ,Oklahoma,"5,192"
40003,Alfalfa ,Oklahoma,735
40005,Atoka ,Oklahoma,"2,493"
40007,Beaver ,Oklahoma,557
40009,Beckham ,Oklahoma,"4,131"
40011,Blaine ,Oklahoma,"1,387"
40013,Bryan ,Oklahoma,"8,070"
40015,Caddo ,Oklahoma,"5,502"
40017,Canadian ,Oklahoma,"11,747"
40019,Carter ,Oklahoma,"6,760"
40021,Cherokee ,Oklahoma,"10,049"
40023,Choctaw ,Oklahoma,"3,247"
40025,Cimarron ,Oklahoma,379
40027,Cleveland ,Oklahoma,"31,942"
40029,Coal ,Oklahoma,978
40031,Comanche ,Oklahoma,"19,406"
40033,Cotton ,Oklahoma,"1,042"
40035,Craig ,Oklahoma,"2,434"
40037,Creek ,Oklahoma,"9,655"
40039,Custer ,Oklahoma,"4,327"
40041,Delaware ,Oklahoma,"7,437"
40043,Dewey ,Oklahoma,553
40045,Ellis ,Oklahoma,494
40047,Garfield ,Oklahoma,"7,520"
40049,Garvin ,Oklahoma,"4,267"
40051,Grady ,Oklahoma,"6,604"
40053,Grant ,Oklahoma,474
40055,Greer ,Oklahoma,"1,102"
40057,Harmon ,Oklahoma,604
40059,Harper ,Oklahoma,403
40061,Haskell ,Oklahoma,"2,525"
40063,Hughes ,Oklahoma,"2,511"
40065,Jackson ,Oklahoma,"4,113"
40067,Jefferson ,Oklahoma,"1,218"
40069,Johnston ,Oklahoma,"2,261"
40071,Kay ,Oklahoma,"6,812"
40073,Kingfisher ,Oklahoma,"1,389"
40075,Kiowa ,Oklahoma,"1,864"
40077,Latimer ,Oklahoma,"1,753"
40079,Le Flore ,Oklahoma,"9,848"
40081,Lincoln ,Oklahoma,"4,799"
40083,Logan ,Oklahoma,"5,729"
40085,Love ,Oklahoma,"1,356"
40087,McClain ,Oklahoma,"2,869"
40089,McCurtain ,Oklahoma,"7,079"
40091,McIntosh ,Oklahoma,"3,801"
40093,Major ,Oklahoma,"1,005"
40095,Marshall ,Oklahoma,"3,030"
40097,Mayes ,Oklahoma,"7,166"
40099,Murray ,Oklahoma,"2,049"
40101,Muskogee ,Oklahoma,"14,622"
40103,Noble ,Oklahoma,"1,346"
40105,Nowata ,Oklahoma,"1,484"
40107,Okfuskee ,Oklahoma,"3,010"
40109,Oklahoma ,Oklahoma,"116,741"
40111,Okmulgee ,Oklahoma,"6,916"
40113,Osage ,Oklahoma,"6,758"
40115,Ottawa ,Oklahoma,"5,569"
40117,Pawnee ,Oklahoma,"2,449"
40119,Payne ,Oklahoma,"16,969"
40121,Pittsburg ,Oklahoma,"8,136"
40123,Pontotoc ,Oklahoma,"5,087"
40125,Pottawatomie ,Oklahoma,"10,272"
40127,Pushmataha ,Oklahoma,"2,613"
40129,Roger Mills ,Oklahoma,478
40131,Rogers ,Oklahoma,"9,458"
40133,Seminole ,Oklahoma,"5,192"
40135,Sequoyah ,Oklahoma,"8,864"
40137,Stephens ,Oklahoma,"6,272"
40139,Texas ,Oklahoma,"2,844"
40141,Tillman ,Oklahoma,"1,420"
40143,Tulsa ,Oklahoma,"91,457"
40145,Wagoner ,Oklahoma,"6,639"
40147,Washington ,Oklahoma,"6,540"
40149,Washita ,Oklahoma,"1,343"
40151,Woods ,Oklahoma,"1,179"
40153,Woodward ,Oklahoma,"2,306"
41001,Baker ,Oregon,"2,139"
41003,Benton ,Oregon,"14,418"
41005,Clackamas ,Oregon,"29,818"
41007,Clatsop ,Oregon,"4,779"
41009,Columbia ,Oregon,"4,444"
41011,Coos ,Oregon,"9,867"
41013,Crook ,Oregon,"2,627"
41015,Curry ,Oregon,"3,054"
41017,Deschutes ,Oregon,"18,047"
41019,Douglas ,Oregon,"12,949"
41021,Gilliam ,Oregon,204
41023,Grant ,Oregon,"1,088"
41025,Harney ,Oregon,"1,031"
41027,Hood River ,Oregon,"1,943"
41029,Jackson ,Oregon,"29,613"
41031,Jefferson ,Oregon,"3,546"
41033,Josephine ,Oregon,"13,663"
41035,Klamath ,Oregon,"11,225"
41037,Lake ,Oregon,"1,259"
41039,Lane ,Oregon,"52,146"
41041,Lincoln ,Oregon,"7,208"
41043,Linn ,Oregon,"16,161"
41045,Malheur ,Oregon,"5,732"
41047,Marion ,Oregon,"41,154"
41049,Morrow ,Oregon,"1,465"
41051,Multnomah ,Oregon,"95,902"
41053,Polk ,Oregon,"7,949"
41055,Sherman ,Oregon,222
41057,Tillamook ,Oregon,"3,182"
41059,Umatilla ,Oregon,"10,260"
41061,Union ,Oregon,"3,513"
41063,Wallowa ,Oregon,875
41065,Wasco ,Oregon,"3,174"
41067,Washington ,Oregon,"48,575"
41069,Wheeler ,Oregon,231
41071,Yamhill ,Oregon,"10,838"
42001,Adams ,Pennsylvania,"7,548"
42003,Allegheny ,Pennsylvania,"127,238"
42005,Armstrong ,Pennsylvania,"7,076"
42007,Beaver ,Pennsylvania,"18,879"
42009,Bedford ,Pennsylvania,"4,928"
42011,Berks ,Pennsylvania,"41,916"
42013,Blair ,Pennsylvania,"17,657"
42015,Bradford ,Pennsylvania,"8,527"
42017,Bucks ,Pennsylvania,"35,075"
42019,Butler ,Pennsylvania,"14,280"
42021,Cambria ,Pennsylvania,"18,583"
42023,Cameron ,Pennsylvania,613
42025,Carbon ,Pennsylvania,"6,198"
42027,Centre ,Pennsylvania,"22,610"
42029,Chester ,Pennsylvania,"30,184"
42031,Clarion ,Pennsylvania,"5,162"
42033,Clearfield ,Pennsylvania,"10,064"
42035,Clinton ,Pennsylvania,"4,898"
42037,Columbia ,Pennsylvania,"8,996"
42039,Crawford ,Pennsylvania,"10,129"
42041,Cumberland ,Pennsylvania,"17,269"
42043,Dauphin ,Pennsylvania,"30,942"
42045,Delaware ,Pennsylvania,"54,091"
42047,Elk ,Pennsylvania,"2,902"
42049,Erie ,Pennsylvania,"42,666"
42051,Fayette ,Pennsylvania,"21,995"
42053,Forest ,Pennsylvania,"1,196"
42055,Franklin ,Pennsylvania,"12,313"
42057,Fulton ,Pennsylvania,"1,749"
42059,Greene ,Pennsylvania,"4,708"
42061,Huntingdon ,Pennsylvania,"5,212"
42063,Indiana ,Pennsylvania,"11,048"
42065,Jefferson ,Pennsylvania,"6,962"
42067,Juniata ,Pennsylvania,"2,538"
42069,Lackawanna ,Pennsylvania,"28,812"
42071,Lancaster ,Pennsylvania,"55,968"
42073,Lawrence ,Pennsylvania,"10,271"
42075,Lebanon ,Pennsylvania,"14,381"
42077,Lehigh ,Pennsylvania,"41,397"
42079,Luzerne ,Pennsylvania,"46,326"
42081,Lycoming ,Pennsylvania,"14,642"
42083,Mc Kean ,Pennsylvania,"5,487"
42085,Mercer ,Pennsylvania,"13,469"
42087,Mifflin ,Pennsylvania,"6,036"
42089,Monroe ,Pennsylvania,"20,201"
42091,Montgomery ,Pennsylvania,"48,819"
42093,Montour ,Pennsylvania,"1,598"
42095,Northampton ,Pennsylvania,"23,228"
42097,Northumberland ,Pennsylvania,"11,561"
42099,Perry ,Pennsylvania,"4,066"
42101,Philadelphia ,Pennsylvania,"352,748"
42103,Pike ,Pennsylvania,"5,054"
42105,Potter ,Pennsylvania,"1,904"
42107,Schuylkill ,Pennsylvania,"15,767"
42109,Snyder ,Pennsylvania,"3,881"
42111,Somerset ,Pennsylvania,"8,552"
42113,Sullivan ,Pennsylvania,762
42115,Susquehanna ,Pennsylvania,"4,507"
42117,Tioga ,Pennsylvania,"5,254"
42119,Union ,Pennsylvania,"4,334"
42121,Venango ,Pennsylvania,"6,213"
42123,Warren ,Pennsylvania,"5,153"
42125,Washington ,Pennsylvania,"19,860"
42127,Wayne ,Pennsylvania,"5,867"
42129,Westmoreland ,Pennsylvania,"35,870"
42131,Wyoming ,Pennsylvania,"2,573"
42133,York ,Pennsylvania,"40,477"
44001,Bristol ,Rhode Island,"3,110"
44003,Kent ,Rhode Island,"13,152"
44005,Newport ,Rhode Island,"6,666"
44007,Providence ,Rhode Island,"85,644"
44009,Washington ,Rhode Island,"9,524"
45001,Abbeville ,South Carolina,"3,508"
45003,Aiken ,South Carolina,"21,071"
45005,Allendale ,South Carolina,"2,313"
45007,Anderson ,South Carolina,"25,717"
45009,Bamberg ,South Carolina,"3,226"
45011,Barnwell ,South Carolina,"5,115"
45013,Beaufort ,South Carolina,"18,979"
45015,Berkeley ,South Carolina,"23,953"
45017,Calhoun ,South Carolina,"2,613"
45019,Charleston ,South Carolina,"46,853"
45021,Cherokee ,South Carolina,"8,951"
45023,Chester ,South Carolina,"5,651"
45025,Chesterfield ,South Carolina,"8,937"
45027,Clarendon ,South Carolina,"8,053"
45029,Colleton ,South Carolina,"7,823"
45031,Darlington ,South Carolina,"12,767"
45033,Dillon ,South Carolina,"8,022"
45035,Dorchester ,South Carolina,"14,871"
45037,Edgefield ,South Carolina,"3,839"
45039,Fairfield ,South Carolina,"4,198"
45041,Florence ,South Carolina,"22,950"
45043,Georgetown ,South Carolina,"10,842"
45045,Greenville ,South Carolina,"54,815"
45047,Greenwood ,South Carolina,"12,277"
45049,Hampton ,South Carolina,"4,136"
45051,Horry ,South Carolina,"44,197"
45053,Jasper ,South Carolina,"4,941"
45055,Kershaw ,South Carolina,"9,088"
45057,Lancaster ,South Carolina,"11,258"
45059,Laurens ,South Carolina,"12,447"
45061,Lee ,South Carolina,"3,890"
45063,Lexington ,South Carolina,"35,210"
45065,McCormick ,South Carolina,"1,533"
45067,Marion ,South Carolina,"7,562"
45069,Marlboro ,South Carolina,"6,750"
45071,Newberry ,South Carolina,"5,198"
45073,Oconee ,South Carolina,"10,268"
45075,Orangeburg ,South Carolina,"21,821"
45077,Pickens ,South Carolina,"18,055"
45079,Richland ,South Carolina,"62,567"
45081,Saluda ,South Carolina,"3,247"
45083,Spartanburg ,South Carolina,"40,129"
45085,Sumter ,South Carolina,"18,444"
45087,Union ,South Carolina,"5,347"
45089,Williamsburg ,South Carolina,"8,148"
45091,York ,South Carolina,"23,679"
46003,Aurora ,South Dakota,271
46005,Beadle ,South Dakota,"2,317"
46007,Bennett ,South Dakota,"1,051"
46009,Bon Homme ,South Dakota,767
46011,Brookings ,South Dakota,"3,767"
46013,Brown ,South Dakota,"3,526"
46015,Brule ,South Dakota,654
46017,Buffalo ,South Dakota,775
46019,Butte ,South Dakota,"1,326"
46021,Campbell ,South Dakota,143
46023,Charles Mix ,South Dakota,"1,873"
46025,Clark ,South Dakota,421
46027,Clay ,South Dakota,"2,264"
46029,Codington ,South Dakota,"2,691"
46031,Corson ,South Dakota,"1,640"
46033,Custer ,South Dakota,834
46035,Davison ,South Dakota,"2,227"
46037,Day ,South Dakota,698
46039,Deuel ,South Dakota,372
46041,Dewey ,South Dakota,"1,615"
46043,Douglas ,South Dakota,312
46045,Edmunds ,South Dakota,388
46047,Fall River ,South Dakota,901
46049,Faulk ,South Dakota,329
46051,Grant ,South Dakota,640
46053,Gregory ,South Dakota,637
46055,Haakon ,South Dakota,212
46057,Hamlin ,South Dakota,531
46059,Hand ,South Dakota,322
46061,Hanson ,South Dakota,260
46063,Harding ,South Dakota,151
46065,Hughes ,South Dakota,"1,491"
46067,Hutchinson ,South Dakota,708
46069,Hyde ,South Dakota,145
46071,Jackson ,South Dakota,988
46073,Jerauld ,South Dakota,310
46075,Jones ,South Dakota,116
46077,Kingsbury ,South Dakota,409
46079,Lake ,South Dakota,"1,150"
46081,Lawrence ,South Dakota,"3,105"
46083,Lincoln ,South Dakota,"2,312"
46085,Lyman ,South Dakota,786
46087,McCook ,South Dakota,493
46089,McPherson ,South Dakota,428
46091,Marshall ,South Dakota,557
46093,Meade ,South Dakota,"2,400"
46095,Mellette ,South Dakota,668
46097,Miner ,South Dakota,227
46099,Minnehaha ,South Dakota,"16,209"
46101,Moody ,South Dakota,564
46102,Oglala Lakota ,South Dakota,"5,653"
46103,Pennington ,South Dakota,"13,383"
46105,Perkins ,South Dakota,409
46107,Potter ,South Dakota,217
46109,Roberts ,South Dakota,"1,993"
46111,Sanborn ,South Dakota,282
46115,Spink ,South Dakota,698
46117,Stanley ,South Dakota,238
46119,Sully ,South Dakota,114
46121,Todd ,South Dakota,"4,388"
46123,Tripp ,South Dakota,995
46125,Turner ,South Dakota,827
46127,Union ,South Dakota,999
46129,Walworth ,South Dakota,796
46135,Yankton ,South Dakota,"2,088"
46137,Ziebach ,South Dakota,"1,310"
47001,Anderson ,Tennessee,"11,559"
47003,Bedford ,Tennessee,"6,825"
47005,Benton ,Tennessee,"2,792"
47007,Bledsoe ,Tennessee,"3,366"
47009,Blount ,Tennessee,"13,649"
47011,Bradley ,Tennessee,"15,228"
47013,Campbell ,Tennessee,"8,565"
47015,Cannon ,Tennessee,"1,875"
47017,Carroll ,Tennessee,"4,456"
47019,Carter ,Tennessee,"10,664"
47021,Cheatham ,Tennessee,"3,849"
47023,Chester ,Tennessee,"2,374"
47025,Claiborne ,Tennessee,"6,021"
47027,Clay ,Tennessee,"1,514"
47029,Cocke ,Tennessee,"8,117"
47031,Coffee ,Tennessee,"8,000"
47033,Crockett ,Tennessee,"2,213"
47035,Cumberland ,Tennessee,"7,929"
47037,Davidson ,Tennessee,"84,547"
47039,Decatur ,Tennessee,"1,827"
47041,DeKalb ,Tennessee,"3,624"
47043,Dickson ,Tennessee,"5,353"
47045,Dyer ,Tennessee,"6,298"
47047,Fayette ,Tennessee,"4,527"
47049,Fentress ,Tennessee,"3,799"
47051,Franklin ,Tennessee,"5,557"
47053,Gibson ,Tennessee,"6,834"
47055,Giles ,Tennessee,"3,834"
47057,Grainger ,Tennessee,"3,939"
47059,Greene ,Tennessee,"10,706"
47061,Grundy ,Tennessee,"2,810"
47063,Hamblen ,Tennessee,"9,165"
47065,Hamilton ,Tennessee,"45,523"
47067,Hancock ,Tennessee,"1,701"
47069,Hardeman ,Tennessee,"4,070"
47071,Hardin ,Tennessee,"4,413"
47073,Hawkins ,Tennessee,"10,113"
47075,Haywood ,Tennessee,"3,524"
47077,Henderson ,Tennessee,"4,370"
47079,Henry ,Tennessee,"5,795"
47081,Hickman ,Tennessee,"3,830"
47083,Houston ,Tennessee,"1,427"
47085,Humphreys ,Tennessee,"2,388"
47087,Jackson ,Tennessee,"1,977"
47089,Jefferson ,Tennessee,"6,622"
47091,Johnson ,Tennessee,"4,045"
47093,Knox ,Tennessee,"61,334"
47095,Lake ,Tennessee,"1,705"
47097,Lauderdale ,Tennessee,"4,503"
47099,Lawrence ,Tennessee,"7,250"
47101,Lewis ,Tennessee,"1,827"
47103,Lincoln ,Tennessee,"4,343"
47105,Loudon ,Tennessee,"5,182"
47107,McMinn ,Tennessee,"7,620"
47109,McNairy ,Tennessee,"4,287"
47111,Macon ,Tennessee,"3,733"
47113,Madison ,Tennessee,"16,421"
47115,Marion ,Tennessee,"4,374"
47117,Marshall ,Tennessee,"4,431"
47119,Maury ,Tennessee,"8,059"
47121,Meigs ,Tennessee,"1,972"
47123,Monroe ,Tennessee,"7,571"
47125,Montgomery ,Tennessee,"24,633"
47127,Moore ,Tennessee,638
47129,Morgan ,Tennessee,"4,185"
47131,Obion ,Tennessee,"4,317"
47133,Overton ,Tennessee,"3,744"
47135,Perry ,Tennessee,"1,143"
47137,Pickett ,Tennessee,881
47139,Polk ,Tennessee,"2,518"
47141,Putnam ,Tennessee,"12,434"
47143,Rhea ,Tennessee,"4,953"
47145,Roane ,Tennessee,"7,687"
47147,Robertson ,Tennessee,"7,424"
47149,Rutherford ,Tennessee,"32,610"
47151,Scott ,Tennessee,"4,770"
47153,Sequatchie ,Tennessee,"2,569"
47155,Sevier ,Tennessee,"12,541"
47157,Shelby ,Tennessee,"157,667"
47159,Smith ,Tennessee,"3,042"
47161,Stewart ,Tennessee,"1,740"
47163,Sullivan ,Tennessee,"23,452"
47165,Sumner ,Tennessee,"16,330"
47167,Tipton ,Tennessee,"6,316"
47169,Trousdale ,Tennessee,"1,367"
47171,Unicoi ,Tennessee,"2,762"
47173,Union ,Tennessee,"3,601"
47175,Van Buren ,Tennessee,887
47177,Warren ,Tennessee,"6,449"
47179,Washington ,Tennessee,"19,811"
47181,Wayne ,Tennessee,"2,495"
47183,Weakley ,Tennessee,"5,604"
47185,White ,Tennessee,"4,289"
47187,Williamson ,Tennessee,"10,228"
47189,Wilson ,Tennessee,"10,536"
48001,Anderson ,Texas,"8,702"
48003,Andrews ,Texas,"1,888"
48005,Angelina ,Texas,"13,131"
48007,Aransas ,Texas,"4,313"
48009,Archer ,Texas,877
48011,Armstrong ,Texas,194
48013,Atascosa ,Texas,"7,434"
48015,Austin ,Texas,"3,312"
48017,Bailey ,Texas,"1,093"
48019,Bandera ,Texas,"2,947"
48021,Bastrop ,Texas,"12,091"
48023,Baylor ,Texas,546
48025,Bee ,Texas,"5,938"
48027,Bell ,Texas,"48,565"
48029,Bexar ,Texas,"298,018"
48031,Blanco ,Texas,"1,022"
48033,Borden ,Texas,69
48035,Bosque ,Texas,"2,513"
48037,Bowie ,Texas,"14,627"
48039,Brazoria ,Texas,"31,116"
48041,Brazos ,Texas,"42,898"
48043,Brewster ,Texas,"1,198"
48045,Briscoe ,Texas,232
48047,Brooks ,Texas,"2,082"
48049,Brown ,Texas,"4,965"
48051,Burleson ,Texas,"2,506"
48053,Burnet ,Texas,"4,943"
48055,Caldwell ,Texas,"6,044"
48057,Calhoun ,Texas,"3,088"
48059,Callahan ,Texas,"1,675"
48061,Cameron ,Texas,"106,976"
48063,Camp ,Texas,"2,151"
48065,Carson ,Texas,504
48067,Cass ,Texas,"5,103"
48069,Castro ,Texas,"1,138"
48071,Chambers ,Texas,"3,761"
48073,Cherokee ,Texas,"8,221"
48075,Childress ,Texas,"1,217"
48077,Clay ,Texas,"1,191"
48079,Cochran ,Texas,545
48081,Coke ,Texas,437
48083,Coleman ,Texas,"1,429"
48085,Collin ,Texas,"62,612"
48087,Collingsworth ,Texas,566
48089,Colorado ,Texas,"2,867"
48091,Comal ,Texas,"10,407"
48093,Comanche ,Texas,"1,818"
48095,Concho ,Texas,404
48097,Cooke ,Texas,"5,155"
48099,Coryell ,Texas,"7,529"
48101,Cottle ,Texas,264
48103,Crane ,Texas,451
48105,Crockett ,Texas,476
48107,Crosby ,Texas,"1,247"
48109,Culberson ,Texas,424
48111,Dallam ,Texas,821
48113,Dallas ,Texas,"363,567"
48115,Dawson ,Texas,"2,338"
48117,Deaf Smith ,Texas,"3,104"
48119,Delta ,Texas,844
48121,Denton ,Texas,"56,476"
48123,DeWitt ,Texas,"3,135"
48125,Dickens ,Texas,366
48127,Dimmit ,Texas,"2,537"
48129,Donley ,Texas,500
48131,Duval ,Texas,"2,515"
48133,Eastland ,Texas,"2,926"
48135,Ector ,Texas,"19,781"
48137,Edwards ,Texas,399
48139,Ellis ,Texas,"15,932"
48141,El Paso ,Texas,"154,504"
48143,Erath ,Texas,"5,937"
48145,Falls ,Texas,"3,314"
48147,Fannin ,Texas,"4,287"
48149,Fayette ,Texas,"2,710"
48151,Fisher ,Texas,508
48153,Floyd ,Texas,979
48155,Foard ,Texas,190
48157,Fort Bend ,Texas,"53,151"
48159,Franklin ,Texas,"1,528"
48161,Freestone ,Texas,"2,801"
48163,Frio ,Texas,"4,664"
48165,Gaines ,Texas,"2,820"
48167,Galveston ,Texas,"38,181"
48169,Garza ,Texas,"1,067"
48171,Gillespie ,Texas,"2,271"
48173,Glasscock ,Texas,111
48175,Goliad ,Texas,"1,011"
48177,Gonzales ,Texas,"3,325"
48179,Gray ,Texas,"2,888"
48181,Grayson ,Texas,"15,459"
48183,Gregg ,Texas,"19,832"
48185,Grimes ,Texas,"4,119"
48187,Guadalupe ,Texas,"12,234"
48189,Hale ,Texas,"5,483"
48191,Hall ,Texas,739
48193,Hamilton ,Texas,"1,185"
48195,Hansford ,Texas,622
48197,Hardeman ,Texas,750
48199,Hardin ,Texas,"6,924"
48201,Harris ,Texas,"701,075"
48203,Harrison ,Texas,"11,600"
48205,Hartley ,Texas,383
48207,Haskell ,Texas,"1,061"
48209,Hays ,Texas,"24,895"
48211,Hemphill ,Texas,344
48213,Henderson ,Texas,"14,246"
48215,Hidalgo ,Texas,"231,032"
48217,Hill ,Texas,"4,700"
48219,Hockley ,Texas,"3,436"
48221,Hood ,Texas,"5,581"
48223,Hopkins ,Texas,"5,370"
48225,Houston ,Texas,"4,230"
48227,Howard ,Texas,"5,281"
48229,Hudspeth ,Texas,"1,343"
48231,Hunt ,Texas,"14,114"
48233,Hutchinson ,Texas,"2,351"
48235,Irion ,Texas,114
48237,Jack ,Texas,"1,212"
48239,Jackson ,Texas,"1,996"
48241,Jasper ,Texas,"6,747"
48243,Jeff Davis ,Texas,278
48245,Jefferson ,Texas,"39,998"
48247,Jim Hogg ,Texas,"1,181"
48249,Jim Wells ,Texas,"8,385"
48251,Johnson ,Texas,"19,035"
48253,Jones ,Texas,"3,032"
48255,Karnes ,Texas,"2,644"
48257,Kaufman ,Texas,"13,108"
48259,Kendall ,Texas,"3,468"
48261,Kenedy ,Texas,57
48263,Kent ,Texas,81
48265,Kerr ,Texas,"6,310"
48267,Kimble ,Texas,730
48269,King ,Texas,30
48271,Kinney ,Texas,629
48273,Kleberg ,Texas,"6,804"
48275,Knox ,Texas,679
48277,Lamar ,Texas,"9,050"
48279,Lamb ,Texas,"2,346"
48281,Lampasas ,Texas,"2,627"
48283,La Salle ,Texas,"1,561"
48285,Lavaca ,Texas,"2,163"
48287,Lee ,Texas,"1,791"
48289,Leon ,Texas,"2,494"
48291,Liberty ,Texas,"11,967"
48293,Limestone ,Texas,"4,190"
48295,Lipscomb ,Texas,395
48297,Live Oak ,Texas,"1,825"
48299,Llano ,Texas,"2,338"
48301,Loving ,Texas,12
48303,Lubbock ,Texas,"53,478"
48305,Lynn ,Texas,944
48307,McCulloch ,Texas,"1,379"
48309,McLennan ,Texas,"44,574"
48311,McMullen ,Texas,77
48313,Madison ,Texas,"2,090"
48315,Marion ,Texas,"2,070"
48317,Martin ,Texas,695
48319,Mason ,Texas,500
48321,Matagorda ,Texas,"6,335"
48323,Maverick ,Texas,"15,491"
48325,Medina ,Texas,"5,997"
48327,Menard ,Texas,435
48329,Midland ,Texas,"17,401"
48331,Milam ,Texas,"3,965"
48333,Mills ,Texas,623
48335,Mitchell ,Texas,"1,303"
48337,Montague ,Texas,"2,517"
48339,Montgomery ,Texas,"53,807"
48341,Moore ,Texas,"2,463"
48343,Morris ,Texas,"2,220"
48345,Motley ,Texas,210
48347,Nacogdoches ,Texas,"12,571"
48349,Navarro ,Texas,"6,586"
48351,Newton ,Texas,"2,933"
48353,Nolan ,Texas,"2,496"
48355,Nueces ,Texas,"58,465"
48357,Ochiltree ,Texas,"1,115"
48359,Oldham ,Texas,245
48361,Orange ,Texas,"10,307"
48363,Palo Pinto ,Texas,"4,960"
48365,Panola ,Texas,"3,266"
48367,Parker ,Texas,"11,524"
48369,Parmer ,Texas,"1,123"
48371,Pecos ,Texas,"2,562"
48373,Polk ,Texas,"7,839"
48375,Potter ,Texas,"22,514"
48377,Presidio ,Texas,"1,286"
48379,Rains ,Texas,"1,667"
48381,Randall ,Texas,"12,178"
48383,Reagan ,Texas,340
48385,Real ,Texas,597
48387,Red River ,Texas,"2,322"
48389,Reeves ,Texas,"2,833"
48391,Refugio ,Texas,"1,224"
48393,Roberts ,Texas,63
48395,Robertson ,Texas,"3,499"
48397,Rockwall ,Texas,"4,991"
48399,Runnels ,Texas,"1,729"
48401,Rusk ,Texas,"7,426"
48403,Sabine ,Texas,"1,834"
48405,San Augustine ,Texas,"1,799"
48407,San Jacinto ,Texas,"4,809"
48409,San Patricio ,Texas,"9,507"
48411,San Saba ,Texas,"1,104"
48413,Schleicher ,Texas,417
48415,Scurry ,Texas,"2,217"
48417,Shackelford ,Texas,413
48419,Shelby ,Texas,"5,346"
48421,Sherman ,Texas,331
48423,Smith ,Texas,"29,285"
48425,Somervell ,Texas,842
48427,Starr ,Texas,"20,741"
48429,Stephens ,Texas,"1,477"
48431,Sterling ,Texas,134
48433,Stonewall ,Texas,199
48435,Sutton ,Texas,494
48437,Swisher ,Texas,"1,393"
48439,Tarrant ,Texas,"211,454"
48441,Taylor ,Texas,"18,724"
48443,Terrell ,Texas,136
48445,Terry ,Texas,"2,438"
48447,Throckmorton ,Texas,209
48449,Titus ,Texas,"5,246"
48451,Tom Green ,Texas,"14,713"
48453,Travis ,Texas,"134,983"
48455,Trinity ,Texas,"2,597"
48457,Tyler ,Texas,"3,380"
48459,Upshur ,Texas,"6,124"
48461,Upton ,Texas,495
48463,Uvalde ,Texas,"5,174"
48465,Val Verde ,Texas,"9,786"
48467,Van Zandt ,Texas,"7,586"
48469,Victoria ,Texas,"12,924"
48471,Walker ,Texas,"11,810"
48473,Waller ,Texas,"6,687"
48475,Ward ,Texas,"1,462"
48477,Washington ,Texas,"3,534"
48479,Webb ,Texas,"57,053"
48481,Wharton ,Texas,"6,711"
48483,Wheeler ,Texas,579
48485,Wichita ,Texas,"16,584"
48487,Wilbarger ,Texas,"1,841"
48489,Willacy ,Texas,"5,482"
48491,Williamson ,Texas,"31,514"
48493,Wilson ,Texas,"4,172"
48495,Winkler ,Texas,983
48497,Wise ,Texas,"5,745"
48499,Wood ,Texas,"6,231"
48501,Yoakum ,Texas,916
48503,Young ,Texas,"2,405"
48505,Zapata ,Texas,"4,243"
48507,Zavala ,Texas,"3,374"
49001,Beaver ,Utah ,589
49003,Box Elder ,Utah ,"4,147"
49005,Cache ,Utah ,"16,243"
49007,Carbon ,Utah ,"3,255"
49009,Daggett ,Utah ,64
49011,Davis ,Utah ,"19,344"
49013,Duchesne ,Utah ,"2,787"
49015,Emery ,Utah ,"1,084"
49017,Garfield ,Utah ,460
49019,Grand ,Utah ,"1,174"
49021,Iron ,Utah ,"7,013"
49023,Juab ,Utah ,"1,070"
49025,Kane ,Utah ,717
49027,Millard ,Utah ,"1,542"
49029,Morgan ,Utah ,486
49031,Piute ,Utah ,227
49033,Rich ,Utah ,230
49035,Salt Lake ,Utah ,"103,036"
49037,San Juan ,Utah ,"3,295"
49039,Sanpete ,Utah ,"3,699"
49041,Sevier ,Utah ,"2,590"
49043,Summit ,Utah ,"1,968"
49045,Tooele ,Utah ,"3,829"
49047,Uintah ,Utah ,"3,920"
49049,Utah ,Utah ,"60,411"
49051,Wasatch ,Utah ,"1,699"
49053,Washington ,Utah ,"16,590"
49055,Wayne ,Utah ,319
49057,Weber ,Utah ,"17,647"
50001,Addison ,Vermont,"2,690"
50003,Bennington ,Vermont,"3,399"
50005,Caledonia ,Vermont,"3,561"
50007,Chittenden ,Vermont,"16,084"
50009,Essex ,Vermont,908
50011,Franklin ,Vermont,"4,699"
50013,Grand Isle ,Vermont,581
50015,Lamoille ,Vermont,"2,231"
50017,Orange ,Vermont,"2,652"
50019,Orleans ,Vermont,"3,333"
50021,Rutland ,Vermont,"6,033"
50023,Washington ,Vermont,"4,673"
50025,Windham ,Vermont,"4,776"
50027,Windsor ,Vermont,"5,005"
51001,Accomack ,Virginia,"5,225"
51003,Albemarle ,Virginia,"6,882"
51005,Alleghany ,Virginia,"1,680"
51007,Amelia ,Virginia,"1,211"
51009,Amherst ,Virginia,"3,645"
51011,Appomattox ,Virginia,"1,991"
51013,Arlington ,Virginia,"17,774"
51015,Augusta ,Virginia,"5,260"
51017,Bath ,Virginia,406
51019,Bedford ,Virginia,"6,766"
51021,Bland ,Virginia,749
51023,Botetourt ,Virginia,"1,895"
51025,Brunswick ,Virginia,"2,935"
51027,Buchanan ,Virginia,"4,332"
51029,Buckingham ,Virginia,"2,516"
51031,Campbell ,Virginia,"5,845"
51033,Caroline ,Virginia,"2,883"
51035,Carroll ,Virginia,"4,110"
51036,Charles City ,Virginia,870
51037,Charlotte ,Virginia,"2,257"
51041,Chesterfield ,Virginia,"22,943"
51043,Clarke ,Virginia,911
51045,Craig ,Virginia,572
51047,Culpeper ,Virginia,"4,709"
51049,Cumberland ,Virginia,"1,371"
51051,Dickenson ,Virginia,"3,330"
51053,Dinwiddie ,Virginia,"2,982"
51057,Essex ,Virginia,"1,747"
51059,Fairfax ,Virginia,"68,543"
51061,Fauquier ,Virginia,"4,310"
51063,Floyd ,Virginia,"1,783"
51065,Fluvanna ,Virginia,"1,883"
51067,Franklin ,Virginia,"6,315"
51069,Frederick ,Virginia,"5,731"
51071,Giles ,Virginia,"1,890"
51073,Gloucester ,Virginia,"3,194"
51075,Goochland ,Virginia,"1,420"
51077,Grayson ,Virginia,"2,719"
51079,Greene ,Virginia,"1,482"
51081,Greensville ,Virginia,"1,929"
51083,Halifax ,Virginia,"5,655"
51085,Hanover ,Virginia,"5,393"
51087,Henrico ,Virginia,"28,486"
51089,Henry ,Virginia,"7,277"
51091,Highland ,Virginia,271
51093,Isle of Wight ,Virginia,"3,351"
51095,James City ,Virginia,"4,366"
51097,King and Queen ,Virginia,820
51099,King George ,Virginia,"1,553"
51101,King William ,Virginia,"1,179"
51103,Lancaster ,Virginia,"1,383"
51105,Lee ,Virginia,"5,939"
51107,Loudoun ,Virginia,"12,909"
51109,Louisa ,Virginia,"3,559"
51111,Lunenburg ,Virginia,"2,140"
51113,Madison ,Virginia,"1,224"
51115,Mathews ,Virginia,766
51117,Mecklenburg ,Virginia,"5,137"
51119,Middlesex ,Virginia,"1,411"
51121,Montgomery ,Virginia,"18,158"
51125,Nelson ,Virginia,"1,748"
51127,New Kent ,Virginia,"1,131"
51131,Northampton ,Virginia,"2,077"
51133,Northumberland ,Virginia,"1,533"
51135,Nottoway ,Virginia,"2,789"
51137,Orange ,Virginia,"3,534"
51139,Page ,Virginia,"2,668"
51141,Patrick ,Virginia,"2,674"
51143,Pittsylvania ,Virginia,"8,960"
51145,Powhatan ,Virginia,"1,547"
51147,Prince Edward ,Virginia,"3,852"
51149,Prince George ,Virginia,"2,842"
51153,Prince William ,Virginia,"28,463"
51155,Pulaski ,Virginia,"4,796"
51157,Rappahannock ,Virginia,622
51159,Richmond ,Virginia,"1,303"
51161,Roanoke ,Virginia,"5,918"
51163,Rockbridge ,Virginia,"2,525"
51165,Rockingham ,Virginia,"6,482"
51167,Russell ,Virginia,"5,272"
51169,Scott ,Virginia,"3,069"
51171,Shenandoah ,Virginia,"4,421"
51173,Smyth ,Virginia,"4,849"
51175,Southampton ,Virginia,"2,132"
51177,Spotsylvania ,Virginia,"8,903"
51179,Stafford ,Virginia,"8,097"
51181,Surry ,Virginia,761
51183,Sussex ,Virginia,"1,851"
51185,Tazewell ,Virginia,"8,417"
51187,Warren ,Virginia,"3,803"
51191,Washington ,Virginia,"6,396"
51193,Westmoreland ,Virginia,"2,843"
51195,Wise ,Virginia,"7,039"
51197,Wythe ,Virginia,"3,645"
51199,York ,Virginia,"3,441"
51510,Alexandria city,Virginia,"13,593"
51520,Bristol city,Virginia,"3,604"
51530,Buena Vista city,Virginia,"1,024"
51540,Charlottesville city,Virginia,"9,965"
51550,Chesapeake city,Virginia,"19,812"
51570,Colonial Heights city,Virginia,"1,613"
51580,Covington city,Virginia,785
51590,Danville city,Virginia,"9,023"
51595,Emporia city,Virginia,"1,044"
51600,Fairfax city,Virginia,"1,667"
51610,Falls Church city,Virginia,512
51620,Franklin city,Virginia,"1,507"
51630,Fredericksburg city,Virginia,"4,463"
51640,Galax city,Virginia,"1,151"
51650,Hampton city,Virginia,"17,926"
51660,Harrisonburg city,Virginia,"11,299"
51670,Hopewell city,Virginia,"4,287"
51678,Lexington city,Virginia,"1,073"
51680,Lynchburg city,Virginia,"11,947"
51683,Manassas city,Virginia,"3,031"
51685,Manassas Park city,Virginia,"1,095"
51690,Martinsville city,Virginia,"2,377"
51700,Newport News city,Virginia,"25,769"
51710,Norfolk city,Virginia,"39,553"
51720,Norton city,Virginia,756
51730,Petersburg city,Virginia,"6,643"
51735,Poquoson city,Virginia,645
51740,Portsmouth city,Virginia,"16,860"
51750,Radford city,Virginia,"4,503"
51760,Richmond city,Virginia,"42,010"
51770,Roanoke city,Virginia,"19,049"
51775,Salem city,Virginia,"2,197"
51790,Staunton city,Virginia,"2,706"
51800,Suffolk city,Virginia,"8,906"
51810,Virginia Beach city,Virginia,"31,898"
51820,Waynesboro city,Virginia,"2,746"
51830,Williamsburg city,Virginia,"1,937"
51840,Winchester city,Virginia,"3,588"
53001,Adams ,Washington,"3,309"
53003,Asotin ,Washington,"3,092"
53005,Benton ,Washington,"21,437"
53007,Chelan ,Washington,"9,332"
53009,Clallam ,Washington,"8,476"
53011,Clark ,Washington,"44,548"
53013,Columbia ,Washington,484
53015,Cowlitz ,Washington,"13,729"
53017,Douglas ,Washington,"4,724"
53019,Ferry ,Washington,"1,354"
53021,Franklin ,Washington,"12,409"
53023,Garfield ,Washington,283
53025,Grant ,Washington,"13,377"
53027,Grays Harbor ,Washington,"9,422"
53029,Island ,Washington,"6,037"
53031,Jefferson ,Washington,"3,993"
53033,King ,Washington,"171,116"
53035,Kitsap ,Washington,"19,787"
53037,Kittitas ,Washington,"6,326"
53039,Klickitat ,Washington,"3,013"
53041,Lewis ,Washington,"9,726"
53043,Lincoln ,Washington,981
53045,Mason ,Washington,"8,143"
53047,Okanogan ,Washington,"6,828"
53049,Pacific ,Washington,"2,996"
53051,Pend Oreille ,Washington,"2,191"
53053,Pierce ,Washington,"83,128"
53055,San Juan ,Washington,"1,414"
53057,Skagit ,Washington,"14,314"
53059,Skamania ,Washington,"1,246"
53061,Snohomish ,Washington,"56,935"
53063,Spokane ,Washington,"65,750"
53065,Stevens ,Washington,"6,738"
53067,Thurston ,Washington,"26,105"
53069,Wahkiakum ,Washington,477
53071,Walla Walla ,Washington,"7,099"
53073,Whatcom ,Washington,"28,310"
53075,Whitman ,Washington,"11,367"
53077,Yakima ,Washington,"41,218"
54001,Barbour ,West Virginia,"2,848"
54003,Berkeley ,West Virginia,"12,942"
54005,Boone ,West Virginia,"4,017"
54007,Braxton ,West Virginia,"2,477"
54009,Brooke ,West Virginia,"2,551"
54011,Cabell ,West Virginia,"16,337"
54013,Calhoun ,West Virginia,"1,524"
54015,Clay ,West Virginia,"1,891"
54017,Doddridge ,West Virginia,"1,376"
54019,Fayette ,West Virginia,"8,321"
54021,Gilmer ,West Virginia,"1,536"
54023,Grant ,West Virginia,"1,497"
54025,Greenbrier ,West Virginia,"5,814"
54027,Hampshire ,West Virginia,"3,311"
54029,Hancock ,West Virginia,"3,559"
54031,Hardy ,West Virginia,"1,929"
54033,Harrison ,West Virginia,"7,353"
54035,Jackson ,West Virginia,"4,716"
54037,Jefferson ,West Virginia,"5,529"
54039,Kanawha ,West Virginia,"28,499"
54041,Lewis ,West Virginia,"3,039"
54043,Lincoln ,West Virginia,"3,990"
54045,Logan ,West Virginia,"6,827"
54047,McDowell ,West Virginia,"5,894"
54049,Marion ,West Virginia,"7,939"
54051,Marshall ,West Virginia,"4,081"
54053,Mason ,West Virginia,"3,994"
54055,Mercer ,West Virginia,"10,768"
54057,Mineral ,West Virginia,"3,266"
54059,Mingo ,West Virginia,"6,329"
54061,Monongalia ,West Virginia,"18,887"
54063,Monroe ,West Virginia,"2,070"
54065,Morgan ,West Virginia,"1,851"
54067,Nicholas ,West Virginia,"4,558"
54069,Ohio ,West Virginia,"5,504"
54071,Pendleton ,West Virginia,927
54073,Pleasants ,West Virginia,875
54075,Pocahontas ,West Virginia,"1,270"
54077,Preston ,West Virginia,"4,491"
54079,Putnam ,West Virginia,"4,962"
54081,Raleigh ,West Virginia,"12,090"
54083,Randolph ,West Virginia,"4,403"
54085,Ritchie ,West Virginia,"1,674"
54087,Roane ,West Virginia,"2,628"
54089,Summers ,West Virginia,"2,724"
54091,Taylor ,West Virginia,"2,690"
54093,Tucker ,West Virginia,"1,014"
54095,Tyler ,West Virginia,"1,302"
54097,Upshur ,West Virginia,"3,994"
54099,Wayne ,West Virginia,"7,654"
54101,Webster ,West Virginia,"1,744"
54103,Wetzel ,West Virginia,"2,432"
54105,Wirt ,West Virginia,"1,015"
54107,Wood ,West Virginia,"11,627"
54109,Wyoming ,West Virginia,"4,634"
55001,Adams ,Wisconsin,"2,231"
55003,Ashland ,Wisconsin,"2,655"
55005,Barron ,Wisconsin,"3,968"
55007,Bayfield ,Wisconsin,"1,533"
55009,Brown ,Wisconsin,"25,456"
55011,Buffalo ,Wisconsin,"1,227"
55013,Burnett ,Wisconsin,"1,926"
55015,Calumet ,Wisconsin,"2,701"
55017,Chippewa ,Wisconsin,"5,460"
55019,Clark ,Wisconsin,"4,605"
55021,Columbia ,Wisconsin,"3,776"
55023,Crawford ,Wisconsin,"1,789"
55025,Dane ,Wisconsin,"50,163"
55027,Dodge ,Wisconsin,"6,512"
55029,Door ,Wisconsin,"2,549"
55031,Douglas ,Wisconsin,"4,810"
55033,Dunn ,Wisconsin,"4,911"
55035,Eau Claire ,Wisconsin,"10,586"
55037,Florence ,Wisconsin,463
55039,Fond du Lac ,Wisconsin,"7,326"
55041,Forest ,Wisconsin,"1,443"
55043,Grant ,Wisconsin,"6,278"
55045,Green ,Wisconsin,"2,350"
55047,Green Lake ,Wisconsin,"2,181"
55049,Iowa ,Wisconsin,"2,240"
55051,Iron ,Wisconsin,709
55053,Jackson ,Wisconsin,"2,385"
55055,Jefferson ,Wisconsin,"5,824"
55057,Juneau ,Wisconsin,"3,391"
55059,Kenosha ,Wisconsin,"16,248"
55061,Kewaunee ,Wisconsin,"1,496"
55063,La Crosse ,Wisconsin,"13,280"
55065,Lafayette ,Wisconsin,"1,868"
55067,Langlade ,Wisconsin,"2,441"
55069,Lincoln ,Wisconsin,"2,455"
55071,Manitowoc ,Wisconsin,"6,899"
55073,Marathon ,Wisconsin,"11,026"
55075,Marinette ,Wisconsin,"4,548"
55077,Marquette ,Wisconsin,"1,535"
55078,Menominee ,Wisconsin,"1,139"
55079,Milwaukee ,Wisconsin,"156,647"
55081,Monroe ,Wisconsin,"4,936"
55083,Oconto ,Wisconsin,"3,506"
55085,Oneida ,Wisconsin,"3,117"
55087,Outagamie ,Wisconsin,"13,110"
55089,Ozaukee ,Wisconsin,"3,926"
55091,Pepin ,Wisconsin,643
55093,Pierce ,Wisconsin,"3,900"
55095,Polk ,Wisconsin,"3,723"
55097,Portage ,Wisconsin,"7,995"
55099,Price ,Wisconsin,"1,959"
55101,Racine ,Wisconsin,"23,688"
55103,Richland ,Wisconsin,"2,115"
55105,Rock ,Wisconsin,"19,755"
55107,Rusk ,Wisconsin,"1,714"
55109,St. Croix ,Wisconsin,"5,285"
55111,Sauk ,Wisconsin,"6,471"
55113,Sawyer ,Wisconsin,"2,063"
55115,Shawano ,Wisconsin,"3,851"
55117,Sheboygan ,Wisconsin,"9,051"
55119,Taylor ,Wisconsin,"1,942"
55121,Trempealeau ,Wisconsin,"2,598"
55123,Vernon ,Wisconsin,"4,297"
55125,Vilas ,Wisconsin,"2,460"
55127,Walworth ,Wisconsin,"9,532"
55129,Washburn ,Wisconsin,"1,990"
55131,Washington ,Wisconsin,"6,942"
55133,Waukesha ,Wisconsin,"18,915"
55135,Waupaca ,Wisconsin,"4,329"
55137,Waushara ,Wisconsin,"2,863"
55139,Winnebago ,Wisconsin,"15,965"
55141,Wood ,Wisconsin,"7,734"
56001,Albany ,Wyoming,"5,861"
56003,Big Horn ,Wyoming,"1,400"
56005,Campbell ,Wyoming,"3,506"
56007,Carbon ,Wyoming,"1,638"
56009,Converse ,Wyoming,"1,256"
56011,Crook ,Wyoming,604
56013,Fremont ,Wyoming,"4,937"
56015,Goshen ,Wyoming,"1,557"
56017,Hot Springs ,Wyoming,472
56019,Johnson ,Wyoming,751
56021,Laramie ,Wyoming,"9,194"
56023,Lincoln ,Wyoming,"1,381"
56025,Natrona ,Wyoming,"7,735"
56027,Niobrara ,Wyoming,316
56029,Park ,Wyoming,"2,936"
56031,Platte ,Wyoming,949
56033,Sheridan ,Wyoming,"2,500"
56035,Sublette ,Wyoming,701
56037,Sweetwater ,Wyoming,"3,453"
56039,Teton ,Wyoming,"1,396"
56041,Uinta ,Wyoming,"1,699"
56043,Washakie ,Wyoming,845
56045,Weston ,Wyoming,692
